image_name,lpips_value
2013-11-08 164524.jpg,0.5777623057365417
2013-11-10 005118.jpg,0.4677557349205017
2013-11-10 064201.jpg,0.4078226089477539
2013-11-10 074323.jpg,0.3421584963798523
2013-11-10 124541.jpg,0.4800313413143158
2013-11-10 193053.jpg,0.5103341937065125
2013-11-10 202752.jpg,0.4423106014728546
2013-11-11 063527.jpg,0.3029617369174957
2013-11-11 085018.jpg,0.5344971418380737
2013-11-11 121046.jpg,0.43333590030670166
2013-11-11 220300.jpg,0.524011492729187
2013-11-12 015420.jpg,0.44152867794036865
2013-11-12 102919.jpg,0.42707282304763794
2013-11-12 165840.jpg,0.44838380813598633
2013-11-13 084301.jpg,0.41840270161628723
2013-11-14 014420.jpg,0.4436744749546051
2013-11-14 070249.jpg,0.4059845507144928
2013-11-14 070451.jpg,0.4501802325248718
2013-11-14 124750.jpg,0.31901735067367554
2013-11-14 141102.jpg,0.551124095916748
2013-11-16 041700.jpg,0.5038934350013733
2013-11-17 090509.jpg,0.45505574345588684
2013-11-17 145420.jpg,0.48845458030700684
2013-11-17 164010.jpg,0.507566511631012
2013-11-17 173609.jpg,0.34121859073638916
2013-11-17 180826.jpg,0.4236278533935547
2013-11-17 235845.jpg,0.5707234144210815
2013-11-18 024231.jpg,0.4523523449897766
2013-11-18 062304.jpg,0.43560338020324707
2013-11-18 065836.jpg,0.4094017744064331
2013-11-18 085205.jpg,0.45490097999572754
2013-11-18 114645.jpg,0.4346121549606323
2013-11-19 005804.jpg,0.42926496267318726
2013-11-19 021117.jpg,0.3355049192905426
2013-11-19 050131.jpg,0.3979456126689911
2013-11-19 224707.jpg,0.5701935887336731
2013-11-20 112132.jpg,0.20699536800384521
2013-11-20 215323.jpg,0.432791143655777
2013-11-20 232337.jpg,0.44351398944854736
2013-11-21 014741.jpg,0.46607697010040283
2013-11-21 055632.jpg,0.4697800278663635
2013-11-21 164908.jpg,0.47643202543258667
2013-11-21 174444.jpg,0.4157167077064514
2013-11-22 141235.jpg,0.3999475836753845
2013-11-22 141550.jpg,0.428659588098526
2013-11-23 021920.jpg,0.4297197759151459
2013-11-23 130315.jpg,0.3804294466972351
2013-11-25 014217.jpg,0.42631304264068604
2013-11-25 090636.jpg,0.42017316818237305
2013-11-25 104618.jpg,0.49031585454940796
2013-11-25 161150.jpg,0.4505925178527832
2013-11-25 202830.jpg,0.46704137325286865
2013-11-26 001603.jpg,0.4894710183143616
2013-11-26 110005.jpg,0.4460822641849518
2013-11-26 220045.jpg,0.48158425092697144
2013-11-27 082333.jpg,0.635563850402832
2013-11-27 100015.jpg,0.5255968570709229
2013-11-28 024101.jpg,0.5071155428886414
2013-11-29 030800.jpg,0.28802067041397095
2013-11-29 082415.jpg,0.392004132270813
2013-11-29 100107.jpg,0.22921201586723328
2013-11-29 210008.jpg,0.6017678380012512
2013-11-30 011443.jpg,0.52042555809021
2013-11-30 100205.jpg,0.4234844446182251
2013-11-30 111752.jpg,0.5005511045455933
2013-11-30 170933.jpg,0.42766013741493225
2013-11-30 233513.jpg,0.49247899651527405
2013-12-01 015408.jpg,0.32345566153526306
2013-12-01 082737.jpg,0.30650100111961365
2013-12-01 142551.jpg,0.46122056245803833
2013-12-02 112622.jpg,0.5963725447654724
2013-12-03 034949.jpg,0.448480486869812
2013-12-03 213550.jpg,0.3624700903892517
2013-12-04 150728.jpg,0.3870737552642822
2013-12-06 230051.jpg,0.3551959991455078
2013-12-07 011810.jpg,0.2968463599681854
2013-12-07 051407.jpg,0.47632551193237305
2013-12-07 192426.jpg,0.5538613200187683
2013-12-08 034602.jpg,0.4877781569957733
2013-12-08 120838.jpg,0.43153926730155945
2013-12-08 161049.jpg,0.5529271960258484
2013-12-08 171607.jpg,0.4167977571487427
2013-12-08 200852.jpg,0.4595092236995697
2013-12-09 011214.jpg,0.4426230192184448
2013-12-09 062548.jpg,0.38765525817871094
2013-12-09 173148.jpg,0.5997381806373596
2013-12-09 175801.jpg,0.4708278179168701
2013-12-10 015703.jpg,0.45239168405532837
2013-12-10 104247.jpg,0.5336742401123047
2013-12-10 113240.jpg,0.5067570209503174
2013-12-10 194014.jpg,0.3950195014476776
2013-12-11 100220.jpg,0.28689342737197876
2013-12-11 135628.jpg,0.38530415296554565
2013-12-11 145220.jpg,0.466381311416626
2013-12-12 033204.jpg,0.6550049781799316
2013-12-13 020501.jpg,0.3420971632003784
2013-12-15 060802.jpg,0.5551624894142151
2013-12-15 070330.jpg,0.5087593197822571
2013-12-15 223606.jpg,0.746071994304657
2013-12-16 063839.jpg,0.4159136116504669
2013-12-16 110726.jpg,0.40443727374076843
2013-12-16 191405.jpg,0.37811195850372314
2013-12-16 194009.jpg,0.356557697057724
2013-12-16 200922.jpg,0.34102973341941833
2013-12-16 225226.jpg,0.3740941286087036
2013-12-17 100142.jpg,0.49955692887306213
2013-12-17 150832.jpg,0.46665000915527344
2013-12-17 201531.jpg,0.5800207853317261
2013-12-18 102410.jpg,0.3165971338748932
2013-12-18 210324.jpg,0.37115925550460815
2013-12-20 011739.jpg,0.3866562247276306
2013-12-20 012520.jpg,0.37633705139160156
2013-12-20 052033.jpg,0.4500412344932556
2013-12-20 101253.jpg,0.46260032057762146
2013-12-20 224228.jpg,0.3667096197605133
2013-12-21 023934.jpg,0.5570218563079834
2013-12-21 093338.jpg,0.3966022729873657
2013-12-21 095017.jpg,0.4573248028755188
2013-12-21 122526.jpg,0.5231382250785828
2013-12-22 093223.jpg,0.506331205368042
2013-12-23 124535.jpg,0.4589557647705078
2013-12-23 154515.jpg,0.4621015191078186
2013-12-24 040827.jpg,0.41436681151390076
2013-12-24 220310.jpg,0.4298214912414551
2013-12-25 013316.jpg,0.5842652320861816
2013-12-25 152346.jpg,0.4161826968193054
2013-12-26 154311.jpg,0.3666260838508606
2013-12-26 181046.jpg,0.4039112329483032
2013-12-26 194422.jpg,0.48559170961380005
2013-12-27 151833.jpg,0.41070425510406494
2013-12-28 030311.jpg,0.4937967360019684
2013-12-28 141759.jpg,0.6024971604347229
2013-12-28 152406.jpg,0.4170607924461365
2013-12-28 231734.jpg,0.3797207772731781
2013-12-29 002755.jpg,0.4890865981578827
2013-12-29 143333.jpg,0.4996103048324585
2013-12-29 200730.jpg,0.36815154552459717
2013-12-29 234810.jpg,0.32286807894706726
2013-12-30 032524.jpg,0.44643160700798035
2013-12-30 072337.jpg,0.44789984822273254
2013-12-30 122715.jpg,0.3984782099723816
2013-12-30 215155.jpg,0.5695714354515076
2013-12-31 110255.jpg,0.5373621582984924
2013-12-31 140857.jpg,0.40805333852767944
2014-01-01 022726.jpg,0.4434140622615814
2014-01-01 051614.jpg,0.39970824122428894
2014-01-01 193410.jpg,0.4744623601436615
2014-01-02 045811.jpg,0.2644972801208496
2014-01-02 185853.jpg,0.5382000207901001
2014-01-02 195559.jpg,0.562065839767456
2014-01-02 202308.jpg,0.4994734227657318
2014-01-02 212505.jpg,0.4547670781612396
2014-01-02 225721.jpg,0.40066999197006226
2014-01-03 151240.jpg,0.41087451577186584
2014-01-03 181752.jpg,0.33861348032951355
2014-01-04 000050.jpg,0.5120198130607605
2014-01-04 082215.jpg,0.5124460458755493
2014-01-04 102121.jpg,0.43267032504081726
2014-01-04 104225.jpg,0.5281028151512146
2014-01-04 142147.jpg,0.25947970151901245
2014-01-04 173501.jpg,0.3503027856349945
2014-01-04 183400.jpg,0.3791791796684265
2014-01-05 025334.jpg,0.4917221963405609
2014-01-05 051723.jpg,0.450623095035553
2014-01-05 072931.jpg,0.5758461952209473
2014-01-05 103519.jpg,0.3870673179626465
2014-01-05 104235.jpg,0.6977018713951111
2014-01-05 181443.jpg,0.576188862323761
2014-01-05 230428.jpg,0.46610796451568604
2014-01-05 234314.jpg,0.39475783705711365
2014-01-06 001641.jpg,0.403315007686615
2014-01-06 170837.jpg,0.41265472769737244
2014-01-07 005420.jpg,0.45005089044570923
2014-01-07 031600.jpg,0.5710395574569702
2014-01-08 070935.jpg,0.5948172807693481
2014-01-08 105141.jpg,0.4231145977973938
2014-01-09 093458.jpg,0.3975220322608948
2014-01-09 221322.jpg,0.5453556180000305
2014-01-10 065747.jpg,0.503502607345581
2014-01-10 124639.jpg,0.4369394779205322
2014-01-11 051124.jpg,0.505981981754303
2014-01-11 112835.jpg,0.47032472491264343
2014-01-11 151814.jpg,0.4350694715976715
2014-01-12 192052.jpg,0.520329475402832
2014-01-12 195936.jpg,0.4530695974826813
2014-01-13 070630.jpg,0.4062421917915344
2014-01-13 101318.jpg,0.41027864813804626
2014-01-13 154739.jpg,0.4683172106742859
2014-01-13 190805.jpg,0.44703519344329834
2014-01-14 103547.jpg,0.43908751010894775
2014-01-15 043240.jpg,0.3473844826221466
2014-01-15 180515.jpg,0.32107090950012207
2014-01-15 192229.jpg,0.49977630376815796
2014-01-16 091507.jpg,0.4163077473640442
2014-01-16 101254.jpg,0.44427090883255005
2014-01-16 221406.jpg,0.5700257420539856
2014-01-16 225230.jpg,0.5821956396102905
2014-01-17 012403.jpg,0.46224892139434814
2014-01-17 161025.jpg,0.49435073137283325
2014-01-17 172248.jpg,0.487011194229126
2014-01-17 233010.jpg,0.5529147386550903
2014-01-18 003742.jpg,0.30123692750930786
2014-01-18 114847.jpg,0.42206257581710815
2014-01-18 115158.jpg,0.6389075517654419
2014-01-18 221054.jpg,0.5539196133613586
2014-01-18 235831.jpg,0.468960702419281
2014-01-19 035937.jpg,0.5383336544036865
2014-01-19 144942.jpg,0.35854974389076233
2014-01-20 022544.jpg,0.4523862600326538
2014-01-20 102134.jpg,0.4240221381187439
2014-01-21 040549.jpg,0.3141435980796814
2014-01-21 061543.jpg,0.4498562812805176
2014-01-21 110809.jpg,0.39253854751586914
2014-01-21 200429.jpg,0.4879404902458191
2014-01-22 072139.jpg,0.43575701117515564
2014-01-23 020245.jpg,0.33533936738967896
2014-01-23 153746.jpg,0.42257288098335266
2014-01-23 202406.jpg,0.41574162244796753
2014-01-24 070439.jpg,0.3536567687988281
2014-01-24 125500.jpg,0.507490873336792
2014-01-24 133912.jpg,0.3728266656398773
2014-01-24 212849.jpg,0.4839059114456177
2014-01-25 032305.jpg,0.38352036476135254
2014-01-25 082404.jpg,0.536169707775116
2014-01-25 112714.jpg,0.3659244477748871
2014-01-25 114245.jpg,0.4728250503540039
2014-01-25 155221.jpg,0.4157523512840271
2014-01-26 185253.jpg,0.45297321677207947
2014-01-26 215351.jpg,0.5640108585357666
2014-01-27 032304.jpg,0.4276566505432129
2014-01-27 042513.jpg,0.4771140515804291
2014-01-27 201333.jpg,0.42504996061325073
2014-01-28 125446.jpg,0.42839810252189636
2014-01-28 220602.jpg,0.41411951184272766
2014-01-29 231325.jpg,0.30461618304252625
2014-01-30 080748.jpg,0.45924144983291626
2014-01-30 083210.jpg,0.42135924100875854
2014-01-30 101154.jpg,0.43439602851867676
2014-01-30 140247.jpg,0.41198915243148804
2014-01-30 153449.jpg,0.42308902740478516
2014-01-31 043612.jpg,0.464439332485199
2014-01-31 141625.jpg,0.5215712189674377
2014-01-31 163445.jpg,0.38308823108673096
2014-02-01 112441.jpg,0.3643217086791992
2014-02-01 132708.jpg,0.3275880217552185
2014-02-01 132925.jpg,0.31047168374061584
2014-02-01 152016.jpg,0.4106070399284363
2014-02-01 191054.jpg,0.468569278717041
2014-02-01 235402.jpg,0.4449072480201721
2014-02-02 021738.jpg,0.3907378315925598
2014-02-02 031656.jpg,0.2510682940483093
2014-02-02 062448.jpg,0.4553970694541931
2014-02-02 103450.jpg,0.37282794713974
2014-02-02 104944.jpg,0.3892865478992462
2014-02-02 203307.jpg,0.4807766079902649
2014-02-02 213106.jpg,0.5420086979866028
2014-02-03 014915.jpg,0.41083449125289917
2014-02-03 075548.jpg,0.4042913317680359
2014-02-03 185208.jpg,0.3883943557739258
2014-02-04 010301.jpg,0.39474421739578247
2014-02-04 100544.jpg,0.5135241746902466
2014-02-04 195402.jpg,0.49293261766433716
2014-02-05 024951.jpg,0.4427892565727234
2014-02-05 062730.jpg,0.38927215337753296
2014-02-05 073432.jpg,0.5921818614006042
2014-02-05 095818.jpg,0.47755205631256104
2014-02-05 235843.jpg,0.5423307418823242
2014-02-07 131733.jpg,0.5444059371948242
2014-02-08 095011.jpg,0.24332264065742493
2014-02-09 001222.jpg,0.49144816398620605
2014-02-09 004416.jpg,0.5249428749084473
2014-02-09 005014.jpg,0.5142956972122192
2014-02-09 034347.jpg,0.49740198254585266
2014-02-09 123122.jpg,0.4604310989379883
2014-02-09 135849.jpg,0.5235140323638916
2014-02-09 143222.jpg,0.30460381507873535
2014-02-09 185719.jpg,0.4946979284286499
2014-02-10 063216.jpg,0.5278355479240417
2014-02-10 082506.jpg,0.3246365785598755
2014-02-11 054828.jpg,0.395367830991745
2014-02-11 070307.jpg,0.45432811975479126
2014-02-11 100858.jpg,0.4275135397911072
2014-02-11 162206.jpg,0.25573790073394775
2014-02-12 002121.jpg,0.3077658712863922
2014-02-12 211329.jpg,0.4011944532394409
2014-02-13 040849.jpg,0.65594482421875
2014-02-13 131039.jpg,0.4516776502132416
2014-02-13 173006.jpg,0.4298481047153473
2014-02-13 191427.jpg,0.46862807869911194
2014-02-14 033131.jpg,0.4206604063510895
2014-02-14 141853.jpg,0.44663646817207336
2014-02-15 094026.jpg,0.45266956090927124
2014-02-16 112610.jpg,0.49808579683303833
2014-02-16 141003.jpg,0.4389631152153015
2014-02-17 073335.jpg,0.4741292893886566
2014-02-17 080948.jpg,0.5106159448623657
2014-02-17 081224.jpg,0.37967443466186523
2014-02-17 112816.jpg,0.4905436038970947
2014-02-17 201637.jpg,0.5366571545600891
2014-02-17 213831.jpg,0.45595312118530273
2014-02-17 224524.jpg,0.253532350063324
2014-02-19 035422.jpg,0.47912994027137756
2014-02-19 070144.jpg,0.41707244515419006
2014-02-19 135446.jpg,0.48301631212234497
2014-02-20 153434.jpg,0.35619065165519714
2014-02-20 172237.jpg,0.5538796782493591
2014-02-20 200104.jpg,0.48958519101142883
2014-02-21 070113.jpg,0.4723426103591919
2014-02-21 120040.jpg,0.4429224729537964
2014-02-21 160229.jpg,0.3620891571044922
2014-02-21 165752.jpg,0.4176992177963257
2014-02-21 185050.jpg,0.40284085273742676
2014-02-21 215507.jpg,0.5642971992492676
2014-02-22 161921.jpg,0.4881703853607178
2014-02-23 024047.jpg,0.45240914821624756
2014-02-23 044131.jpg,0.4933336675167084
2014-02-23 094413.jpg,0.4472796320915222
2014-02-23 125850.jpg,0.3546094298362732
2014-02-23 155023.jpg,0.4163263440132141
2014-02-24 011115.jpg,0.5579706430435181
2014-02-24 104818.jpg,0.49942636489868164
2014-02-24 152926.jpg,0.388698548078537
2014-02-24 172722.jpg,0.4599264860153198
2014-02-25 132805.jpg,0.49122586846351624
2014-02-25 210004.jpg,0.39650237560272217
2014-02-26 011841.jpg,0.5538390278816223
2014-02-26 054020.jpg,0.2940364480018616
2014-02-26 121927.jpg,0.34510183334350586
2014-02-26 174432.jpg,0.2828378975391388
2014-02-27 100859.jpg,0.5277664065361023
2014-02-27 223501.jpg,0.36275514960289
2014-02-28 102231.jpg,0.4836788773536682
2014-02-28 224433.jpg,0.4673953056335449
2014-03-01 015443.jpg,0.44028252363204956
2014-03-01 031802.jpg,0.526106595993042
2014-03-01 032604.jpg,0.5565604567527771
2014-03-01 102912.jpg,0.5628283023834229
2014-03-01 114923.jpg,0.4567965865135193
2014-03-01 135235.jpg,0.3463462293148041
2014-03-01 161200.jpg,0.454537034034729
2014-03-02 035351.jpg,0.4340021014213562
2014-03-02 131110.jpg,0.3955151438713074
2014-03-02 154632.jpg,0.3863010108470917
2014-03-02 192924.jpg,0.48413142561912537
2014-03-02 201305.jpg,0.3800414800643921
2014-03-02 210253.jpg,0.40591222047805786
2014-03-03 092036.jpg,0.39173513650894165
2014-03-03 142512.jpg,0.546525776386261
2014-03-04 175512.jpg,0.25423550605773926
2014-03-04 194011.jpg,0.44822901487350464
2014-03-06 083451.jpg,0.4544621706008911
2014-03-06 085606.jpg,0.5083959102630615
2014-03-07 043031.jpg,0.3883315324783325
2014-03-07 051817.jpg,0.4521442651748657
2014-03-07 055308.jpg,0.48448681831359863
2014-03-07 061928.jpg,0.27921152114868164
2014-03-07 080130.jpg,0.32104256749153137
2014-03-07 161123.jpg,0.5225206017494202
2014-03-08 061238.jpg,0.4526294767856598
2014-03-08 115335.jpg,0.306892067193985
2014-03-09 002016.jpg,0.38211220502853394
2014-03-09 085412.jpg,0.45318129658699036
2014-03-09 131759.jpg,0.38081908226013184
2014-03-09 205727.jpg,0.5222201347351074
2014-03-09 222325.jpg,0.4235087037086487
2014-03-10 005018.jpg,0.47215309739112854
2014-03-10 070427.jpg,0.3259579539299011
2014-03-10 105444.jpg,0.4090594947338104
2014-03-10 162540.jpg,0.4681413769721985
2014-03-10 222410.jpg,0.3294389247894287
2014-03-11 132135.jpg,0.533444344997406
2014-03-11 151359.jpg,0.46561431884765625
2014-03-11 171839.jpg,0.3435235619544983
2014-03-11 174150.jpg,0.5419072508811951
2014-03-11 175613.jpg,0.34450122714042664
2014-03-11 181157.jpg,0.5088505744934082
2014-03-12 100722.jpg,0.43995144963264465
2014-03-15 053203.jpg,0.422700971364975
2014-03-15 142942.jpg,0.438019335269928
2014-03-16 054430.jpg,0.5518860220909119
2014-03-16 110549.jpg,0.4933028221130371
2014-03-16 193841.jpg,0.6456247568130493
2014-03-17 082236.jpg,0.36180442571640015
2014-03-17 105019.jpg,0.38675516843795776
2014-03-17 202135.jpg,0.29169565439224243
2014-03-17 210541.jpg,0.6056949496269226
2014-03-18 073025.jpg,0.41949912905693054
2014-03-18 141845.jpg,0.20867300033569336
2014-03-18 201525.jpg,0.383676677942276
2014-03-18 201823.jpg,0.5534021258354187
2014-03-19 082408.jpg,0.4248027205467224
2014-03-19 165155.jpg,0.6074604392051697
2014-03-19 173544.jpg,0.4848175644874573
2014-03-19 221654.jpg,0.2940201759338379
2014-03-19 232502.jpg,0.46153339743614197
2014-03-20 003809.jpg,0.5556032061576843
2014-03-20 090435.jpg,0.3174719512462616
2014-03-20 160145.jpg,0.4228789210319519
2014-03-20 181254.jpg,0.4998200237751007
2014-03-21 143230.jpg,0.42327702045440674
2014-03-21 191226.jpg,0.5402039885520935
2014-03-21 231154.jpg,0.43947291374206543
2014-03-22 010943.jpg,0.3978055715560913
2014-03-22 012612.jpg,0.3614662289619446
2014-03-22 105240.jpg,0.4319712519645691
2014-03-22 182348.jpg,0.4520544111728668
2014-03-22 190101.jpg,0.4763992130756378
2014-03-23 010052.jpg,0.42769208550453186
2014-03-23 213206.jpg,0.3502356708049774
2014-03-23 214920.jpg,0.3432757258415222
2014-03-24 102408.jpg,0.44811323285102844
2014-03-24 114111.jpg,0.3616617023944855
2014-03-25 104415.jpg,0.39963704347610474
2014-03-25 203531.jpg,0.4989292323589325
2014-03-25 235540.jpg,0.4054988622665405
2014-03-26 230833.jpg,0.3196212351322174
2014-03-27 152817.jpg,0.31737565994262695
2014-03-28 102924.jpg,0.47540992498397827
2014-03-28 110040.jpg,0.4253383278846741
2014-03-28 162029.jpg,0.4322357475757599
2014-03-30 012254.jpg,0.443803995847702
2014-03-30 223424.jpg,0.4721790552139282
2014-03-31 053843.jpg,0.5442095994949341
2014-03-31 081235.jpg,0.49935638904571533
2014-03-31 094523.jpg,0.4703468084335327
2014-03-31 120126.jpg,0.4746844470500946
2014-03-31 145807.jpg,0.3526058793067932
2014-04-01 073739.jpg,0.5730873942375183
2014-04-01 140233.jpg,0.49274301528930664
2014-04-02 041517.jpg,0.5864185094833374
2014-04-02 072240.jpg,0.407791405916214
2014-04-02 075752.jpg,0.4139089584350586
2014-04-03 162442.jpg,0.4476124048233032
2014-04-04 165401.jpg,0.568979799747467
2014-04-04 195410.jpg,0.46072524785995483
2014-04-04 225400.jpg,0.5326123237609863
2014-04-05 020533.jpg,0.5034095048904419
2014-04-05 141837.jpg,0.49560123682022095
2014-04-06 012759.jpg,0.47330158948898315
2014-04-07 084735.jpg,0.44680681824684143
2014-04-07 090236.jpg,0.4400184154510498
2014-04-07 181213.jpg,0.3005448579788208
2014-04-08 033826.jpg,0.45437538623809814
2014-04-08 090417.jpg,0.6573777794837952
2014-04-08 132929.jpg,0.4216035306453705
2014-04-08 155415.jpg,0.48842954635620117
2014-04-08 181736.jpg,0.5303337574005127
2014-04-08 220404.jpg,0.4943290948867798
2014-04-10 002305.jpg,0.4756630063056946
2014-04-10 093414.jpg,0.4508502185344696
2014-04-10 104814.jpg,0.49864283204078674
2014-04-10 153157.jpg,0.5911846160888672
2014-04-11 012100.jpg,0.40038952231407166
2014-04-11 050157.jpg,0.6559931039810181
2014-04-11 052011.jpg,0.5182693004608154
2014-04-12 005036.jpg,0.5154693126678467
2014-04-12 050916.jpg,0.41223466396331787
2014-04-12 162844.jpg,0.5280784964561462
2014-04-13 000101.jpg,0.572571337223053
2014-04-13 020258.jpg,0.4779621362686157
2014-04-13 233641.jpg,0.27808892726898193
2014-04-14 075933.jpg,0.4492444396018982
2014-04-14 181049.jpg,0.4455896019935608
2014-04-15 031516.jpg,0.35251671075820923
2014-04-15 093413.jpg,0.4080757200717926
2014-04-15 154805.jpg,0.5223023295402527
2014-04-16 101840.jpg,0.4439444839954376
2014-04-16 185524.jpg,0.4968661069869995
2014-04-16 214355.jpg,0.4024201035499573
2014-04-16 215108.jpg,0.47193610668182373
2014-04-17 042928.jpg,0.377819299697876
2014-04-17 062752.jpg,0.5303850173950195
2014-04-17 104524.jpg,0.4580836296081543
2014-04-18 175721.jpg,0.4706685543060303
2014-04-18 212148.jpg,0.42250367999076843
2014-04-19 012758.jpg,0.4746869206428528
2014-04-19 052031.jpg,0.6317241787910461
2014-04-19 235041.jpg,0.5443532466888428
2014-04-20 054512.jpg,0.3707314431667328
2014-04-20 095906.jpg,0.44866758584976196
2014-04-20 125257.jpg,0.3917602300643921
2014-04-20 163203.jpg,0.36800459027290344
2014-04-20 180929.jpg,0.39283111691474915
2014-04-21 073706.jpg,0.4455815851688385
2014-04-21 093902.jpg,0.43371695280075073
2014-04-21 154214.jpg,0.4392630457878113
2014-04-22 020435.jpg,0.319562703371048
2014-04-22 064019.jpg,0.5163227915763855
2014-04-22 123523.jpg,0.4480884373188019
2014-04-22 213456.jpg,0.44273555278778076
2014-04-23 002214.jpg,0.3905239999294281
2014-04-23 193632.jpg,0.3585614562034607
2014-04-24 060750.jpg,0.5537295341491699
2014-04-24 152420.jpg,0.6141272783279419
2014-04-25 133700.jpg,0.574701189994812
2014-04-25 191955.jpg,0.48059093952178955
2014-04-26 061625.jpg,0.4382883608341217
2014-04-26 071443.jpg,0.48444849252700806
2014-04-26 112449.jpg,0.43290743231773376
2014-04-26 155719.jpg,0.3902861773967743
2014-04-27 004146.jpg,0.38026517629623413
2014-04-27 035221.jpg,0.5242151021957397
2014-04-27 084715.jpg,0.5482267737388611
2014-04-27 101701.jpg,0.49589774012565613
2014-04-27 102514.jpg,0.3429071605205536
2014-04-27 154034.jpg,0.3775820732116699
2014-04-27 220047.jpg,0.5165333151817322
2014-04-28 183018.jpg,0.2169792205095291
2014-04-29 025719.jpg,0.46303701400756836
2014-04-29 030412.jpg,0.6118096113204956
2014-04-29 052421.jpg,0.5125609040260315
2014-04-29 062928.jpg,0.4760548770427704
2014-04-29 132110.jpg,0.3732123374938965
2014-04-29 193140.jpg,0.45640987157821655
2014-04-29 203222.jpg,0.38315293192863464
2014-04-30 000256.jpg,0.43793314695358276
2014-04-30 010844.jpg,0.6142455339431763
2014-04-30 072849.jpg,0.33796846866607666
2014-04-30 142932.jpg,0.4791312515735626
2014-04-30 224705.jpg,0.33046168088912964
2014-05-01 035622.jpg,0.32778632640838623
2014-05-01 061705.jpg,0.46824753284454346
2014-05-01 072059.jpg,0.5183065533638
2014-05-01 084045.jpg,0.41856858134269714
2014-05-02 013007.jpg,0.410543292760849
2014-05-02 073607.jpg,0.5689002275466919
2014-05-02 115252.jpg,0.5744883418083191
2014-05-03 050528.jpg,0.5838194489479065
2014-05-03 094046.jpg,0.39795759320259094
2014-05-03 210644.jpg,0.47664108872413635
2014-05-04 002933.jpg,0.4940839409828186
2014-05-04 051612.jpg,0.5690049529075623
2014-05-04 055616.jpg,0.3773464858531952
2014-05-04 071147.jpg,0.4977482259273529
2014-05-04 083840.jpg,0.5358023643493652
2014-05-04 105435.jpg,0.5710414052009583
2014-05-04 123108.jpg,0.5528762340545654
2014-05-04 132937.jpg,0.42865225672721863
2014-05-04 133600.jpg,0.3371206820011139
2014-05-04 194020.jpg,0.4591984748840332
2014-05-04 194743.jpg,0.5138232707977295
2014-05-04 201619.jpg,0.4022217392921448
2014-05-05 041515.jpg,0.49499428272247314
2014-05-05 054230.jpg,0.39688822627067566
2014-05-05 100458.jpg,0.46846282482147217
2014-05-05 115409.jpg,0.28997039794921875
2014-05-05 144057.jpg,0.4741550385951996
2014-05-05 203312.jpg,0.49126800894737244
2014-05-05 222025.jpg,0.3409516215324402
2014-05-06 004235.jpg,0.5144291520118713
2014-05-06 033548.jpg,0.5603432655334473
2014-05-06 091521.jpg,0.3555932343006134
2014-05-06 131257.jpg,0.27484914660453796
2014-05-06 131817.jpg,0.5168392062187195
2014-05-06 145301.jpg,0.40351545810699463
2014-05-07 034202.jpg,0.43169933557510376
2014-05-07 130430.jpg,0.48075804114341736
2014-05-07 142941.jpg,0.4700314998626709
2014-05-07 192518.jpg,0.4090006947517395
2014-05-08 051327.jpg,0.4971705377101898
2014-05-08 083003.jpg,0.5050024390220642
2014-05-09 003844.jpg,0.3236585259437561
2014-05-09 025631.jpg,0.42097896337509155
2014-05-09 140533.jpg,0.5550729036331177
2014-05-09 214823.jpg,0.3594130575656891
2014-05-09 215843.jpg,0.22968389093875885
2014-05-10 083149.jpg,0.47592607140541077
2014-05-10 085156.jpg,0.39783087372779846
2014-05-10 213333.jpg,0.5760748386383057
2014-05-10 231931.jpg,0.38940125703811646
2014-05-10 232643.jpg,0.5596776008605957
2014-05-11 044541.jpg,0.5490708947181702
2014-05-11 072920.jpg,0.4575154781341553
2014-05-11 105616.jpg,0.4295676052570343
2014-05-11 144356.jpg,0.3580237627029419
2014-05-11 160811.jpg,0.4410417377948761
2014-05-11 214740.jpg,0.5617164373397827
2014-05-12 132441.jpg,0.4199453592300415
2014-05-12 150221.jpg,0.5968565940856934
2014-05-12 154732.jpg,0.3628902733325958
2014-05-12 180815.jpg,0.4413221776485443
2014-05-13 085222.jpg,0.5047149062156677
2014-05-13 235554.jpg,0.5390364527702332
2014-05-15 110624.jpg,0.47165602445602417
2014-05-15 110811.jpg,0.5096911787986755
2014-05-15 125642.jpg,0.4018700122833252
2014-05-15 165236.jpg,0.34109002351760864
2014-05-15 173622.jpg,0.3480670750141144
2014-05-16 102149.jpg,0.5043252110481262
2014-05-16 201556.jpg,0.46140238642692566
2014-05-17 082816.jpg,0.4838400185108185
2014-05-17 095214.jpg,0.3965001702308655
2014-05-17 193540.jpg,0.38878604769706726
2014-05-17 205346.jpg,0.43718838691711426
2014-05-18 062531.jpg,0.4738417863845825
2014-05-18 184219.jpg,0.5442573428153992
2014-05-18 193501.jpg,0.3968217670917511
2014-05-18 194817.jpg,0.5175269842147827
2014-05-18 200505.jpg,0.4953848719596863
2014-05-19 012958.jpg,0.4168437123298645
2014-05-19 122607.jpg,0.46841686964035034
2014-05-19 144445.jpg,0.4544728398323059
2014-05-19 233142.jpg,0.35364532470703125
2014-05-20 005934.jpg,0.33761078119277954
2014-05-20 220621.jpg,0.3719407618045807
2014-05-21 041257.jpg,0.4409131109714508
2014-05-21 063024.jpg,0.48748719692230225
2014-05-21 070756.jpg,0.3868829011917114
2014-05-21 093125.jpg,0.4172612726688385
2014-05-22 063315.jpg,0.5040908455848694
2014-05-22 093107.jpg,0.5260825753211975
2014-05-22 134417.jpg,0.5458739399909973
2014-05-22 210330.jpg,0.4942895174026489
2014-05-23 021343.jpg,0.45744267106056213
2014-05-23 200637.jpg,0.39231571555137634
2014-05-23 202204.jpg,0.49366065859794617
2014-05-23 214651.jpg,0.28817540407180786
2014-05-24 063916.jpg,0.43258994817733765
2014-05-24 174141.jpg,0.6053835153579712
2014-05-24 221536.jpg,0.4581732749938965
2014-05-26 114533.jpg,0.36462846398353577
2014-05-28 093412.jpg,0.5455794334411621
2014-05-28 102336.jpg,0.46104973554611206
2014-05-28 152830.jpg,0.6024784445762634
2014-05-29 140542.jpg,0.4056723117828369
2014-05-29 190710.jpg,0.48527204990386963
2014-05-29 231453.jpg,0.4520360827445984
2014-05-30 013256.jpg,0.5781800746917725
2014-05-30 032240.jpg,0.5179195404052734
2014-05-30 123735.jpg,0.33741769194602966
2014-05-30 151927.jpg,0.45910319685935974
2014-05-30 153127.jpg,0.46890556812286377
2014-05-30 230805.jpg,0.3568058907985687
2014-05-31 190631.jpg,0.4528880715370178
2014-05-31 192310.jpg,0.40577706694602966
2014-05-31 214027.jpg,0.5048378705978394
2014-05-31 232449.jpg,0.41409948468208313
2014-06-01 032023.jpg,0.5148207545280457
2014-06-01 041154.jpg,0.4915843605995178
2014-06-01 053836.jpg,0.4089142084121704
2014-06-01 081356.jpg,0.42651093006134033
2014-06-01 083007.jpg,0.14624780416488647
2014-06-01 100414.jpg,0.5054300427436829
2014-06-01 105053.jpg,0.5300853252410889
2014-06-01 122723.jpg,0.47413313388824463
2014-06-01 145219.jpg,0.43087834119796753
2014-06-01 185956.jpg,0.371077299118042
2014-06-01 213746.jpg,0.5543681383132935
2014-06-01 215645.jpg,0.5258907079696655
2014-06-02 052938.jpg,0.47350403666496277
2014-06-02 134847.jpg,0.38468053936958313
2014-06-02 233743.jpg,0.4086773991584778
2014-06-03 031919.jpg,0.4201136827468872
2014-06-03 111441.jpg,0.5013933777809143
2014-06-03 122315.jpg,0.39227792620658875
2014-06-03 123502.jpg,0.6461651921272278
2014-06-03 131130.jpg,0.5232541561126709
2014-06-04 120000.jpg,0.24369120597839355
2014-06-05 110509.jpg,0.5057803988456726
2014-06-05 133131.jpg,0.5328767895698547
2014-06-05 155958.jpg,0.45970872044563293
2014-06-06 055140.jpg,0.38609689474105835
2014-06-06 062647.jpg,0.6780649423599243
2014-06-06 094339.jpg,0.5329187512397766
2014-06-06 192805.jpg,0.45220041275024414
2014-06-06 225927.jpg,0.4237900972366333
2014-06-07 060722.jpg,0.4311813712120056
2014-06-07 193703.jpg,0.4549969434738159
2014-06-07 210948.jpg,0.41044312715530396
2014-06-08 022132.jpg,0.2672417461872101
2014-06-08 080029.jpg,0.4256496727466583
2014-06-08 120842.jpg,0.5991483926773071
2014-06-08 125815.jpg,0.5979987978935242
2014-06-08 193609.jpg,0.35656240582466125
2014-06-08 203652.jpg,0.43855682015419006
2014-06-08 234020.jpg,0.36426982283592224
2014-06-09 024732.jpg,0.45826005935668945
2014-06-09 055912.jpg,0.4952322542667389
2014-06-09 091820.jpg,0.43122398853302
2014-06-09 112528.jpg,0.5191487669944763
2014-06-09 131706.jpg,0.5579572319984436
2014-06-09 204227.jpg,0.45020297169685364
2014-06-10 121830.jpg,0.6351647973060608
2014-06-10 170758.jpg,0.4374215602874756
2014-06-10 214450.jpg,0.5085164308547974
2014-06-11 024046.jpg,0.47988077998161316
2014-06-11 055106.jpg,0.3423594534397125
2014-06-11 072232.jpg,0.4237857460975647
2014-06-11 085538.jpg,0.5238722562789917
2014-06-11 135704.jpg,0.5196315050125122
2014-06-11 184052.jpg,0.3224603533744812
2014-06-12 152414.jpg,0.251345157623291
2014-06-13 000614.jpg,0.5147593021392822
2014-06-13 215959.jpg,0.4005071222782135
2014-06-13 235931.jpg,0.5079051852226257
2014-06-14 041546.jpg,0.2948676347732544
2014-06-14 164058.jpg,0.6152997612953186
2014-06-15 010517.jpg,0.3620585799217224
2014-06-15 060547.jpg,0.5142388939857483
2014-06-15 064117.jpg,0.5050046443939209
2014-06-15 075604.jpg,0.46234387159347534
2014-06-15 102025.jpg,0.4911276698112488
2014-06-15 203515.jpg,0.5210840106010437
2014-06-16 085911.jpg,0.47410833835601807
2014-06-16 095454.jpg,0.4160534739494324
2014-06-16 124529.jpg,0.4987636208534241
2014-06-16 175459.jpg,0.5230947136878967
2014-06-18 124634.jpg,0.44746726751327515
2014-06-19 145111.jpg,0.45933640003204346
2014-06-19 210219.jpg,0.15295614302158356
2014-06-19 225448.jpg,0.46240174770355225
2014-06-20 012613.jpg,0.5356757640838623
2014-06-20 043924.jpg,0.49243757128715515
2014-06-20 054226.jpg,0.4087424874305725
2014-06-20 081959.jpg,0.3907321095466614
2014-06-20 082743.jpg,0.40857529640197754
2014-06-20 091100.jpg,0.3720408082008362
2014-06-20 172436.jpg,0.4381629228591919
2014-06-21 004940.jpg,0.3931006193161011
2014-06-21 005612.jpg,0.3056318163871765
2014-06-21 044506.jpg,0.37696218490600586
2014-06-21 050137.jpg,0.37176042795181274
2014-06-21 063911.jpg,0.2859747111797333
2014-06-21 152554.jpg,0.5396072268486023
2014-06-22 142223.jpg,0.3609914779663086
2014-06-22 152317.jpg,0.588908851146698
2014-06-22 193838.jpg,0.25754332542419434
2014-06-23 005013.jpg,0.42178332805633545
2014-06-23 075845.jpg,0.5373731255531311
2014-06-23 104818.jpg,0.6262558102607727
2014-06-23 120733.jpg,0.4007260799407959
2014-06-23 142520.jpg,0.43254244327545166
2014-06-23 144010.jpg,0.44853392243385315
2014-06-23 175710.jpg,0.3429308831691742
2014-06-24 195615.jpg,0.5079432129859924
2014-06-25 115148.jpg,0.4905954599380493
2014-06-26 205615.jpg,0.4103636145591736
2014-06-26 205938.jpg,0.44484612345695496
2014-06-27 034058.jpg,0.4258303642272949
2014-06-27 150342.jpg,0.3555941581726074
2014-06-27 182100.jpg,0.38891005516052246
2014-06-28 094025.jpg,0.5941134095191956
2014-06-28 152255.jpg,0.6656215786933899
2014-06-29 043604.jpg,0.4776105284690857
2014-06-29 062134.jpg,0.4078176021575928
2014-06-29 104457.jpg,0.4605346620082855
2014-06-29 184435.jpg,0.3177676796913147
2014-06-30 020438.jpg,0.5692218542098999
2014-06-30 083534.jpg,0.2810394763946533
2014-06-30 122101.jpg,0.4589635133743286
2014-06-30 164907.jpg,0.4360520839691162
2014-06-30 191341.jpg,0.3979956805706024
2014-06-30 233744.jpg,0.5244323015213013
2014-07-01 001440.jpg,0.4969733655452728
2014-07-01 093224.jpg,0.4811285436153412
2014-07-01 160803.jpg,0.4515230059623718
2014-07-01 162506.jpg,0.5977008938789368
2014-07-01 180813.jpg,0.4145647883415222
2014-07-01 190446.jpg,0.403585284948349
2014-07-01 223144.jpg,0.3411303758621216
2014-07-02 053506.jpg,0.49964532256126404
2014-07-02 071749.jpg,0.5240297317504883
2014-07-02 074330.jpg,0.363026887178421
2014-07-02 123313.jpg,0.46760293841362
2014-07-02 153724.jpg,0.4629361033439636
2014-07-03 061622.jpg,0.516768217086792
2014-07-04 083448.jpg,0.4367472529411316
2014-07-05 003917.jpg,0.5820589661598206
2014-07-05 211529.jpg,0.4823576807975769
2014-07-06 051150.jpg,0.5368645191192627
2014-07-06 154047.jpg,0.4888802170753479
2014-07-06 194946.jpg,0.33068448305130005
2014-07-07 014202.jpg,0.39560526609420776
2014-07-07 105530.jpg,0.41373929381370544
2014-07-07 141426.jpg,0.3683435916900635
2014-07-07 160410.jpg,0.47025465965270996
2014-07-07 192653.jpg,0.3149411380290985
2014-07-07 234950.jpg,0.3295329809188843
2014-07-08 170551.jpg,0.5687188506126404
2014-07-09 051324.jpg,0.6128190755844116
2014-07-09 070513.jpg,0.39946943521499634
2014-07-09 101244.jpg,0.36944833397865295
2014-07-09 113308.jpg,0.45544731616973877
2014-07-09 150735.jpg,0.5837877988815308
2014-07-09 191725.jpg,0.5405146479606628
2014-07-10 104359.jpg,0.4445352256298065
2014-07-11 044817.jpg,0.3819136917591095
2014-07-11 045003.jpg,0.42501792311668396
2014-07-11 095924.jpg,0.3558613061904907
2014-07-11 151658.jpg,0.4962066411972046
2014-07-11 171234.jpg,0.4204476475715637
2014-07-12 025405.jpg,0.45957669615745544
2014-07-12 065716.jpg,0.5435066223144531
2014-07-12 073734.jpg,0.3825477659702301
2014-07-12 225329.jpg,0.4993082582950592
2014-07-13 011400.jpg,0.46962249279022217
2014-07-13 023644.jpg,0.4197215437889099
2014-07-13 030007.jpg,0.38214540481567383
2014-07-13 081055.jpg,0.5434556007385254
2014-07-13 084415.jpg,0.574498176574707
2014-07-13 192530.jpg,0.3416358530521393
2014-07-13 200847.jpg,0.3786211311817169
2014-07-13 232559.jpg,0.5534791946411133
2014-07-14 001039.jpg,0.4608220160007477
2014-07-14 035516.jpg,0.4058212637901306
2014-07-14 100124.jpg,0.6670863628387451
2014-07-14 165921.jpg,0.3697788119316101
2014-07-14 211015.jpg,0.507908046245575
2014-07-15 094131.jpg,0.4229275584220886
2014-07-16 034404.jpg,0.5143266916275024
2014-07-16 232534.jpg,0.42278167605400085
2014-07-17 042553.jpg,0.5073447823524475
2014-07-17 093739.jpg,0.5187623500823975
2014-07-17 113412.jpg,0.5962965488433838
2014-07-17 133713.jpg,0.3890489637851715
2014-07-18 003232.jpg,0.6669622659683228
2014-07-18 010222.jpg,0.4956895709037781
2014-07-18 035128.jpg,0.29513460397720337
2014-07-18 100032.jpg,0.5299016833305359
2014-07-19 105202.jpg,0.46284234523773193
2014-07-19 132131.jpg,0.4270385503768921
2014-07-19 142104.jpg,0.5252659916877747
2014-07-19 153953.jpg,0.5090278387069702
2014-07-20 023428.jpg,0.4640446603298187
2014-07-20 050657.jpg,0.4974629878997803
2014-07-20 113454.jpg,0.45744016766548157
2014-07-20 113936.jpg,0.45178258419036865
2014-07-20 120804.jpg,0.42608973383903503
2014-07-20 122003.jpg,0.5874571204185486
2014-07-20 162631.jpg,0.41713497042655945
2014-07-20 230549.jpg,0.5122901797294617
2014-07-21 000749.jpg,0.4413312077522278
2014-07-21 134050.jpg,0.5033073425292969
2014-07-21 143544.jpg,0.4031897485256195
2014-07-21 195015.jpg,0.5278812646865845
2014-07-21 223014.jpg,0.38980257511138916
2014-07-22 112508.jpg,0.3268008530139923
2014-07-22 134433.jpg,0.5607454776763916
2014-07-22 234339.jpg,0.5980479121208191
2014-07-23 033926.jpg,0.3679625689983368
2014-07-23 104954.jpg,0.3809046745300293
2014-07-23 234853.jpg,0.38245704770088196
2014-07-24 054102.jpg,0.3780630826950073
2014-07-24 183520.jpg,0.5552736520767212
2014-07-24 220737.jpg,0.4749581217765808
2014-07-24 231105.jpg,0.4464186131954193
2014-07-25 073208.jpg,0.29118645191192627
2014-07-25 104440.jpg,0.4929146468639374
2014-07-25 212859.jpg,0.46394509077072144
2014-07-25 225606.jpg,0.5159763097763062
2014-07-25 230625.jpg,0.34997379779815674
2014-07-26 001448.jpg,0.3102078139781952
2014-07-26 104452.jpg,0.34234216809272766
2014-07-26 122801.jpg,0.448130339384079
2014-07-26 155925.jpg,0.5121554136276245
2014-07-26 224500.jpg,0.49128860235214233
2014-07-27 000105.jpg,0.5335891246795654
2014-07-27 035359.jpg,0.4939621090888977
2014-07-27 035646.jpg,0.4287094473838806
2014-07-27 052955.jpg,0.43434208631515503
2014-07-27 075603.jpg,0.40467196702957153
2014-07-27 124821.jpg,0.5676271319389343
2014-07-27 154000.jpg,0.49866631627082825
2014-07-27 160600.jpg,0.5595899224281311
2014-07-27 213847.jpg,0.28128957748413086
2014-07-28 040109.jpg,0.41629138588905334
2014-07-28 102135.jpg,0.4191894233226776
2014-07-28 122437.jpg,0.38266170024871826
2014-07-28 145023.jpg,0.4440549612045288
2014-07-28 160956.jpg,0.3711720407009125
2014-07-28 175829.jpg,0.6322169899940491
2014-07-28 180325.jpg,0.4567546844482422
2014-07-28 224430.jpg,0.4561317563056946
2014-07-28 235920.jpg,0.5283035635948181
2014-07-29 035605.jpg,0.4773657023906708
2014-07-29 041930.jpg,0.35344845056533813
2014-07-29 042001.jpg,0.4505995512008667
2014-07-29 051841.jpg,0.4846620261669159
2014-07-29 073936.jpg,0.46983104944229126
2014-07-29 082506.jpg,0.5220953822135925
2014-07-29 161416.jpg,0.37126755714416504
2014-07-29 162506.jpg,0.3606191575527191
2014-07-30 045643.jpg,0.47686225175857544
2014-07-30 223503.jpg,0.4117761552333832
2014-07-31 072849.jpg,0.3718295991420746
2014-07-31 194416.jpg,0.38768988847732544
2014-11-01 030422.jpg,0.38071495294570923
2014-11-01 122901.jpg,0.41870245337486267
2014-11-01 132216.jpg,0.3101576864719391
2014-11-01 134031.jpg,0.3801361322402954
2014-11-01 171207.jpg,0.35362520813941956
2014-11-02 011004.jpg,0.41516992449760437
2014-11-02 065129.jpg,0.4446218013763428
2014-11-02 200359.jpg,0.36296600103378296
2014-11-02 230913.jpg,0.4018295407295227
2014-11-03 010906.jpg,0.5965101718902588
2014-11-03 025748.jpg,0.5402793288230896
2014-11-03 033556.jpg,0.6485222578048706
2014-11-03 085258.jpg,0.48680809140205383
2014-11-03 111623.jpg,0.48026418685913086
2014-11-03 115642.jpg,0.41505685448646545
2014-11-04 060241.jpg,0.3312077820301056
2014-11-04 075611.jpg,0.47910332679748535
2014-11-04 161625.jpg,0.4619603753089905
2014-11-04 195622.jpg,0.42729413509368896
2014-11-05 000336.jpg,0.3898548185825348
2014-11-05 070040.jpg,0.5135736465454102
2014-11-05 152302.jpg,0.5591630935668945
2014-11-05 203228.jpg,0.5319572687149048
2014-11-05 204344.jpg,0.3868432939052582
2014-11-06 022138.jpg,0.49440962076187134
2014-11-06 063044.jpg,0.3714349865913391
2014-11-06 064521.jpg,0.39871665835380554
2014-11-06 094032.jpg,0.3755623400211334
2014-11-06 134905.jpg,0.41207730770111084
2014-11-06 160811.jpg,0.46438127756118774
2014-11-06 190011.jpg,0.4338984787464142
2014-11-07 045355.jpg,0.36363255977630615
2014-11-07 055445.jpg,0.5281715393066406
2014-11-07 073428.jpg,0.6148842573165894
2014-11-07 084257.jpg,0.3619877099990845
2014-11-07 092405.jpg,0.42916715145111084
2014-11-07 192104.jpg,0.4825625717639923
2014-11-08 031614.jpg,0.5144801139831543
2014-11-08 124229.jpg,0.43430107831954956
2014-11-08 140127.jpg,0.39857494831085205
2014-11-08 144454.jpg,0.4034712314605713
2014-11-08 161048.jpg,0.3216657340526581
2014-11-09 123541.jpg,0.45639175176620483
2014-11-09 145531.jpg,0.8000426888465881
2014-11-09 170425.jpg,0.34913575649261475
2014-11-09 185845.jpg,0.458219438791275
2014-11-10 021304.jpg,0.4158552587032318
2014-11-10 034657.jpg,0.697624683380127
2014-11-10 052153.jpg,0.4646090865135193
2014-11-10 072721.jpg,0.5265095233917236
2014-11-10 074505.jpg,0.4046826958656311
2014-11-10 094843.jpg,0.4654337167739868
2014-11-10 140212.jpg,0.4390084147453308
2014-11-10 143942.jpg,0.4894399046897888
2014-11-11 071834.jpg,0.5257615447044373
2014-11-12 003715.jpg,0.4304898977279663
2014-11-12 080218.jpg,0.39036980271339417
2014-11-12 084436.jpg,0.37946778535842896
2014-11-12 095134.jpg,0.48866093158721924
2014-11-12 142733.jpg,0.6466272473335266
2014-11-13 000429.jpg,0.40479573607444763
2014-11-13 010610.jpg,0.5860996842384338
2014-11-13 034631.jpg,0.3452729880809784
2014-11-13 040433.jpg,0.4379022419452667
2014-11-13 060939.jpg,0.5302234292030334
2014-11-13 143629.jpg,0.555197536945343
2014-11-14 001720.jpg,0.5063254237174988
2014-11-14 193725.jpg,0.34922176599502563
2014-11-15 044048.jpg,0.45397239923477173
2014-11-15 055048.jpg,0.5054664611816406
2014-11-15 162016.jpg,0.44723644852638245
2014-11-15 181135.jpg,0.5529452562332153
2014-11-15 221633.jpg,0.40902888774871826
2014-11-16 094327.jpg,0.5433610677719116
2014-11-16 095622.jpg,0.4080003798007965
2014-11-16 101644.jpg,0.49670639634132385
2014-11-16 103753.jpg,0.4301679730415344
2014-11-16 221314.jpg,0.4628734886646271
2014-11-17 032456.jpg,0.501011848449707
2014-11-17 035535.jpg,0.2571384012699127
2014-11-17 053916.jpg,0.43799060583114624
2014-11-17 195520.jpg,0.5424395799636841
2014-11-18 050959.jpg,0.43129727244377136
2014-11-18 085450.jpg,0.4830986559391022
2014-11-18 095808.jpg,0.3539220690727234
2014-11-18 170558.jpg,0.47479140758514404
2014-11-18 184938.jpg,0.5137237906455994
2014-11-18 200728.jpg,0.3692038059234619
2014-11-18 233603.jpg,0.40885448455810547
2014-11-19 015217.jpg,0.3975997865200043
2014-11-19 104434.jpg,0.3642812967300415
2014-11-19 141137.jpg,0.2579949200153351
2014-11-19 163844.jpg,0.36324673891067505
2014-11-20 015002.jpg,0.47649383544921875
2014-11-20 034145.jpg,0.5243115425109863
2014-11-20 040246.jpg,0.44640052318573
2014-11-20 065554.jpg,0.47015970945358276
2014-11-20 090144.jpg,0.48407936096191406
2014-11-20 125627.jpg,0.3540976047515869
2014-11-20 161619.jpg,0.32793349027633667
2014-11-21 015042.jpg,0.5830797553062439
2014-11-21 031608.jpg,0.432747483253479
2014-11-21 210037.jpg,0.4227043092250824
2014-11-22 173519.jpg,0.3936953544616699
2014-11-23 044927.jpg,0.4111592173576355
2014-11-23 074612.jpg,0.34779438376426697
2014-11-23 084152.jpg,0.4293980002403259
2014-11-23 103020.jpg,0.460361123085022
2014-11-23 120430.jpg,0.44798076152801514
2014-11-23 202517.jpg,0.5860822200775146
2014-11-24 002142.jpg,0.42475786805152893
2014-11-24 090719.jpg,0.3091800808906555
2014-11-24 114554.jpg,0.46561259031295776
2014-11-25 080425.jpg,0.4379535913467407
2014-11-25 095945.jpg,0.370907723903656
2014-11-25 124019.jpg,0.6061769127845764
2014-11-25 150206.jpg,0.2792433202266693
2014-11-26 035414.jpg,0.44883590936660767
2014-11-26 093131.jpg,0.36237582564353943
2014-11-26 133212.jpg,0.30486953258514404
2014-11-26 150245.jpg,0.2700020968914032
2014-11-26 222833.jpg,0.5445647239685059
2014-11-26 230527.jpg,0.4102540910243988
2014-11-27 010101.jpg,0.4216151237487793
2014-11-27 065520.jpg,0.4308690130710602
2014-11-27 074214.jpg,0.3803887367248535
2014-11-27 164600.jpg,0.4206322431564331
2014-11-27 170346.jpg,0.38778409361839294
2014-11-27 183126.jpg,0.32428622245788574
2014-11-28 001049.jpg,0.5420441031455994
2014-11-28 074720.jpg,0.39225611090660095
2014-11-28 101636.jpg,0.36541521549224854
2014-11-28 131727.jpg,0.41703087091445923
2014-11-29 062235.jpg,0.609516978263855
2014-11-29 073751.jpg,0.43504390120506287
2014-11-29 081546.jpg,0.4114692211151123
2014-11-29 083953.jpg,0.3909594714641571
2014-11-29 133705.jpg,0.4239389896392822
2014-11-30 080721.jpg,0.5030714869499207
2014-11-30 090628.jpg,0.6371309757232666
2014-11-30 235234.jpg,0.46647924184799194
2015-01-01 001220.jpg,0.5539829730987549
2015-01-01 011945.jpg,0.5021408200263977
2015-01-01 103019.jpg,0.4722009003162384
2015-01-01 105629.jpg,0.4898492991924286
2015-01-01 135134.jpg,0.4913485050201416
2015-01-01 135427.jpg,0.5090751051902771
2015-01-01 145221.jpg,0.33367645740509033
2015-01-01 154838.jpg,0.3311401903629303
2015-01-01 155612.jpg,0.54775071144104
2015-01-01 221654.jpg,0.40828555822372437
2015-01-02 030153.jpg,0.4984351098537445
2015-01-02 031916.jpg,0.509925365447998
2015-01-02 080902.jpg,0.3281935155391693
2015-01-02 084901.jpg,0.5365853905677795
2015-01-02 091857.jpg,0.48892903327941895
2015-01-02 114351.jpg,0.5312340259552002
2015-01-02 131038.jpg,0.46813473105430603
2015-01-02 151026.jpg,0.4176025390625
2015-01-02 175024.jpg,0.44175639748573303
2015-01-02 180055.jpg,0.4434531331062317
2015-01-02 183611.jpg,0.27996626496315
2015-01-02 203018.jpg,0.4462241232395172
2015-01-02 232053.jpg,0.5811898708343506
2015-01-03 022006.jpg,0.45257803797721863
2015-01-03 033043.jpg,0.4581039547920227
2015-01-03 070234.jpg,0.41612064838409424
2015-01-03 140154.jpg,0.49845290184020996
2015-01-03 160246.jpg,0.4468122124671936
2015-01-03 200620.jpg,0.4096633195877075
2015-01-03 235601.jpg,0.4888005256652832
2015-01-04 022657.jpg,0.6110007762908936
2015-01-04 050407.jpg,0.5082651972770691
2015-01-04 075850.jpg,0.3361545205116272
2015-01-04 085542.jpg,0.35691171884536743
2015-01-04 085545.jpg,0.38205307722091675
2015-01-04 120604.jpg,0.3627901077270508
2015-01-04 193819.jpg,0.6111220121383667
2015-01-05 043324.jpg,0.4475431442260742
2015-01-05 140940.jpg,0.3690856993198395
2015-01-05 151536.jpg,0.3730490505695343
2015-01-05 195601.jpg,0.2734423577785492
2015-01-05 213703.jpg,0.42600390315055847
2015-01-06 032407.jpg,0.4708797037601471
2015-01-06 033905.jpg,0.41359859704971313
2015-01-06 134933.jpg,0.43028780817985535
2015-01-06 151115.jpg,0.2849150002002716
2015-01-06 183853.jpg,0.47522905468940735
2015-01-06 202603.jpg,0.39703476428985596
2015-01-06 231540.jpg,0.48119527101516724
2015-01-07 054327.jpg,0.7173953056335449
2015-01-07 060116.jpg,0.6921922564506531
2015-01-07 092900.jpg,0.5076226592063904
2015-01-07 135157.jpg,0.44646400213241577
2015-01-07 222132.jpg,0.3756108582019806
2015-01-08 024401.jpg,0.2874356806278229
2015-01-08 034827.jpg,0.5939944982528687
2015-01-08 074328.jpg,0.4879891872406006
2015-01-08 162250.jpg,0.3901492953300476
2015-01-08 185017.jpg,0.41151806712150574
2015-01-08 211212.jpg,0.5090783834457397
2015-01-09 020022.jpg,0.4661276936531067
2015-01-09 052216.jpg,0.4498419165611267
2015-01-09 073606.jpg,0.44292181730270386
2015-01-09 075436.jpg,0.5506660342216492
2015-01-09 132023.jpg,0.4413177967071533
2015-01-09 133230.jpg,0.47953012585639954
2015-01-09 134439.jpg,0.3156028687953949
2015-01-09 174215.jpg,0.38144928216934204
2015-01-09 183913.jpg,0.43523842096328735
2015-01-09 211258.jpg,0.5067442059516907
2015-01-10 041600.jpg,0.5443496704101562
2015-01-10 135238.jpg,0.44406357407569885
2015-01-10 140908.jpg,0.40335601568222046
2015-01-10 151932.jpg,0.4001038670539856
2015-01-11 003620.jpg,0.38302767276763916
2015-01-11 003945.jpg,0.3576259911060333
2015-01-11 024357.jpg,0.4657529890537262
2015-01-11 041227.jpg,0.4574511647224426
2015-01-11 070737.jpg,0.3766348361968994
2015-01-11 074527.jpg,0.4619517922401428
2015-01-11 111809.jpg,0.5149316787719727
2015-01-11 165720.jpg,0.33856865763664246
2015-01-12 034725.jpg,0.49432477355003357
2015-01-12 110315.jpg,0.3826298415660858
2015-01-12 125828.jpg,0.29290294647216797
2015-01-12 130646.jpg,0.5267771482467651
2015-01-12 185717.jpg,0.4241233170032501
2015-01-13 030948.jpg,0.4244002401828766
2015-01-13 203555.jpg,0.5172586441040039
2015-01-13 232011.jpg,0.5518098473548889
2015-01-14 173833.jpg,0.45848631858825684
2015-01-15 144926.jpg,0.49028390645980835
2015-01-15 193319.jpg,0.40150970220565796
2015-01-15 205636.jpg,0.7966758012771606
2015-01-15 210931.jpg,0.34835633635520935
2015-01-15 220114.jpg,0.6184192895889282
2015-01-15 233829.jpg,0.4339211881160736
2015-01-16 064203.jpg,0.3145439624786377
2015-01-17 022528.jpg,0.3686475157737732
2015-01-17 082805.jpg,0.4601668417453766
2015-01-17 112438.jpg,0.4009780287742615
2015-01-17 140059.jpg,0.4643612504005432
2015-01-17 142836.jpg,0.5029990673065186
2015-01-17 143827.jpg,0.28726646304130554
2015-01-17 161738.jpg,0.3314250111579895
2015-01-17 163846.jpg,0.4347518980503082
2015-01-17 211123.jpg,0.32117271423339844
2015-01-18 070232.jpg,0.4488452672958374
2015-01-18 135946.jpg,0.4756622314453125
2015-01-18 154621.jpg,0.3706244230270386
2015-01-18 223113.jpg,0.4854593276977539
2015-01-18 233120.jpg,0.2925474941730499
2015-01-19 034439.jpg,0.4082510769367218
2015-01-19 090902.jpg,0.47583717107772827
2015-01-19 103621.jpg,0.5950765609741211
2015-01-19 155741.jpg,0.36369872093200684
2015-01-20 120131.jpg,0.4939611256122589
2015-01-20 142732.jpg,0.4077482223510742
2015-01-20 174646.jpg,0.23062428832054138
2015-01-21 014326.jpg,0.44531896710395813
2015-01-21 032250.jpg,0.490866482257843
2015-01-21 085134.jpg,0.3746316134929657
2015-01-21 165915.jpg,0.44084447622299194
2015-01-21 214154.jpg,0.5217937231063843
2015-01-21 234119.jpg,0.4442938566207886
2015-01-21 235701.jpg,0.3518862724304199
2015-01-22 093518.jpg,0.3765838146209717
2015-01-22 102453.jpg,0.44858819246292114
2015-01-22 190027.jpg,0.4795960485935211
2015-01-23 074334.jpg,0.3796323537826538
2015-01-23 114905.jpg,0.3748236894607544
2015-01-23 125415.jpg,0.39921730756759644
2015-01-23 200646.jpg,0.3782098889350891
2015-01-24 030854.jpg,0.4156772792339325
2015-01-24 082158.jpg,0.35324645042419434
2015-01-24 171958.jpg,0.4992375373840332
2015-01-24 172429.jpg,0.6537432074546814
2015-01-24 214747.jpg,0.3794941008090973
2015-01-25 020422.jpg,0.3641725778579712
2015-01-25 025829.jpg,0.4363786578178406
2015-01-25 044936.jpg,0.39690399169921875
2015-01-25 070144.jpg,0.5413873791694641
2015-01-25 073317.jpg,0.3089311718940735
2015-01-25 080739.jpg,0.37700405716896057
2015-01-25 082106.jpg,0.41411328315734863
2015-01-25 102749.jpg,0.4483345150947571
2015-01-25 125655.jpg,0.4623351991176605
2015-01-25 133050.jpg,0.40337565541267395
2015-01-25 144138.jpg,0.5531986355781555
2015-01-25 190250.jpg,0.4320937395095825
2015-01-25 225712.jpg,0.37348270416259766
2015-01-26 031610.jpg,0.4449467062950134
2015-01-26 034626.jpg,0.4677160978317261
2015-01-26 083724.jpg,0.3259749412536621
2015-01-26 093923.jpg,0.5605478286743164
2015-01-26 095541.jpg,0.4233829379081726
2015-01-26 113039.jpg,0.25731924176216125
2015-01-26 160624.jpg,0.4061928987503052
2015-01-26 181554.jpg,0.46189621090888977
2015-01-26 224331.jpg,0.5456302165985107
2015-01-27 020913.jpg,0.3711952269077301
2015-01-27 085604.jpg,0.5732722282409668
2015-01-27 114434.jpg,0.4528271555900574
2015-01-27 120800.jpg,0.41383063793182373
2015-01-27 230209.jpg,0.43630823493003845
2015-01-28 014916.jpg,0.4706737995147705
2015-01-28 052425.jpg,0.32151859998703003
2015-01-28 095610.jpg,0.5354767441749573
2015-01-28 182138.jpg,0.4376586079597473
2015-01-29 032147.jpg,0.6172739863395691
2015-01-29 152843.jpg,0.4107670187950134
2015-01-29 181348.jpg,0.4393157958984375
2015-01-29 192030.jpg,0.2949989140033722
2015-01-29 220955.jpg,0.3410232365131378
2015-01-30 003129.jpg,0.3029804825782776
2015-01-30 170615.jpg,0.4289598762989044
2015-01-31 051208.jpg,0.5531915426254272
2015-01-31 183329.jpg,0.41438594460487366
2015-01-31 201253.jpg,0.46768608689308167
2015-02-01 015353.jpg,0.3765658140182495
2015-02-01 053828.jpg,0.637880265712738
2015-02-01 104105.jpg,0.45677649974823
2015-02-01 121020.jpg,0.49302026629447937
2015-02-01 155729.jpg,0.4133448898792267
2015-02-02 031827.jpg,0.45330506563186646
2015-02-02 081609.jpg,0.5285403728485107
2015-02-02 123328.jpg,0.457839697599411
2015-02-02 140029.jpg,0.5272125005722046
2015-02-02 144839.jpg,0.352657675743103
2015-02-02 170305.jpg,0.3760189712047577
2015-02-02 181823.jpg,0.39946937561035156
2015-02-02 192750.jpg,0.37943845987319946
2015-02-02 234214.jpg,0.5082495808601379
2015-02-03 074840.jpg,0.39969852566719055
2015-02-03 075554.jpg,0.44767287373542786
2015-02-03 103722.jpg,0.37198108434677124
2015-02-03 105302.jpg,0.4360954761505127
2015-02-03 174146.jpg,0.34525972604751587
2015-02-03 182228.jpg,0.3357504606246948
2015-02-03 215143.jpg,0.3566511571407318
2015-02-04 011212.jpg,0.4499160051345825
2015-02-04 035649.jpg,0.2933023273944855
2015-02-04 040308.jpg,0.53377366065979
2015-02-04 081719.jpg,0.35106152296066284
2015-02-04 095209.jpg,0.450327068567276
2015-02-04 161805.jpg,0.4485720694065094
2015-02-04 174147.jpg,0.39500489830970764
2015-02-04 233444.jpg,0.3514386713504791
2015-02-05 125604.jpg,0.46279335021972656
2015-02-05 182809.jpg,0.3169493079185486
2015-02-06 093937.jpg,0.3587060868740082
2015-02-06 100223.jpg,0.46901440620422363
2015-02-06 100733.jpg,0.5317233800888062
2015-02-06 105844.jpg,0.4132912755012512
2015-02-06 172403.jpg,0.39172229170799255
2015-02-06 172915.jpg,0.4378238916397095
2015-02-07 010608.jpg,0.4387783408164978
2015-02-07 013118.jpg,0.43671923875808716
2015-02-07 150523.jpg,0.2668399512767792
2015-02-07 170120.jpg,0.512848973274231
2015-02-07 230518.jpg,0.44907206296920776
2015-02-07 233101.jpg,0.39298608899116516
2015-02-08 002021.jpg,0.6543735861778259
2015-02-08 050543.jpg,0.5774264931678772
2015-02-08 055646.jpg,0.43774497509002686
2015-02-08 063936.jpg,0.3780587613582611
2015-02-08 100139.jpg,0.4566287398338318
2015-02-08 133123.jpg,0.40858936309814453
2015-02-08 162335.jpg,0.5161224603652954
2015-02-08 190037.jpg,0.46602120995521545
2015-02-08 205843.jpg,0.6183644533157349
2015-02-09 013455.jpg,0.3799339830875397
2015-02-09 013736.jpg,0.427060067653656
2015-02-09 101736.jpg,0.5213997960090637
2015-02-09 125843.jpg,0.5749524235725403
2015-02-09 141107.jpg,0.5814927816390991
2015-02-09 161112.jpg,0.36710625886917114
2015-02-09 205944.jpg,0.4869174361228943
2015-02-09 224556.jpg,0.36072561144828796
2015-02-10 062652.jpg,0.4839799702167511
2015-02-10 102103.jpg,0.5186190009117126
2015-02-10 110108.jpg,0.6034154295921326
2015-02-10 122640.jpg,0.4922495484352112
2015-02-10 125044.jpg,0.4740220904350281
2015-02-10 135133.jpg,0.41295507550239563
2015-02-10 170003.jpg,0.5215829014778137
2015-02-10 183234.jpg,0.42034056782722473
2015-02-10 185615.jpg,0.4144969880580902
2015-02-10 220202.jpg,0.43136799335479736
2015-02-10 224815.jpg,0.39323854446411133
2015-02-11 002814.jpg,0.3840222954750061
2015-02-11 031526.jpg,0.5980663299560547
2015-02-11 042142.jpg,0.5205013751983643
2015-02-11 043130.jpg,0.5061485767364502
2015-02-11 081316.jpg,0.3761516809463501
2015-02-11 103047.jpg,0.40123599767684937
2015-02-11 212142.jpg,0.5014649033546448
2015-02-12 052603.jpg,0.5036202073097229
2015-02-12 103721.jpg,0.4333856403827667
2015-02-12 105751.jpg,0.48072052001953125
2015-02-12 113132.jpg,0.44730740785598755
2015-02-12 123032.jpg,0.42288386821746826
2015-02-12 195127.jpg,0.4764697849750519
2015-02-12 205344.jpg,0.4868462085723877
2015-02-12 213148.jpg,0.5436370968818665
2015-02-13 092226.jpg,0.5347954034805298
2015-02-13 100716.jpg,0.49923840165138245
2015-02-13 135711.jpg,0.5684491395950317
2015-02-13 160250.jpg,0.4044326841831207
2015-02-13 164549.jpg,0.42929989099502563
2015-02-14 000927.jpg,0.5195465683937073
2015-02-14 022128.jpg,0.4161112308502197
2015-02-14 022630.jpg,0.44303685426712036
2015-02-14 103814.jpg,0.3781132996082306
2015-02-14 123748.jpg,0.4300014078617096
2015-02-14 172256.jpg,0.44798022508621216
2015-02-14 230226.jpg,0.3942420184612274
2015-02-15 002830.jpg,0.28550466895103455
2015-02-15 015405.jpg,0.4076603353023529
2015-02-15 023915.jpg,0.6497575640678406
2015-02-15 032523.jpg,0.4893352687358856
2015-02-15 035231.jpg,0.6714798212051392
2015-02-15 074655.jpg,0.36327555775642395
2015-02-15 074707.jpg,0.5552968978881836
2015-02-15 083446.jpg,0.5426469445228577
2015-02-15 083640.jpg,0.5181483626365662
2015-02-15 094442.jpg,0.3241865634918213
2015-02-15 131934.jpg,0.4029240012168884
2015-02-15 135244.jpg,0.42591843008995056
2015-02-15 180338.jpg,0.5013499855995178
2015-02-15 195840.jpg,0.3743394911289215
2015-02-15 204330.jpg,0.5606873631477356
2015-02-15 222501.jpg,0.5224688053131104
2015-02-15 225840.jpg,0.4035986065864563
2015-02-16 032517.jpg,0.3582077622413635
2015-02-16 065929.jpg,0.4815203845500946
2015-02-16 153656.jpg,0.4226868450641632
2015-02-16 192427.jpg,0.4858870208263397
2015-02-17 042749.jpg,0.44052553176879883
2015-02-17 124108.jpg,0.3834344148635864
2015-02-17 212212.jpg,0.47743818163871765
2015-02-17 235506.jpg,0.4936521649360657
2015-02-18 000434.jpg,0.298907607793808
2015-02-18 014220.jpg,0.3153527081012726
2015-02-18 041240.jpg,0.4994553029537201
2015-02-18 083731.jpg,0.4317605793476105
2015-02-18 155939.jpg,0.43447452783584595
2015-02-18 173421.jpg,0.49021583795547485
2015-02-18 195126.jpg,0.43857288360595703
2015-02-18 212051.jpg,0.5644587874412537
2015-02-19 091813.jpg,0.3779229521751404
2015-02-19 095237.jpg,0.5423664450645447
2015-02-19 131233.jpg,0.24746888875961304
2015-02-20 010221.jpg,0.5161882042884827
2015-02-20 155853.jpg,0.6887546181678772
2015-02-21 014212.jpg,0.5817418694496155
2015-02-21 020407.jpg,0.49376538395881653
2015-02-21 065143.jpg,0.41027748584747314
2015-02-21 065819.jpg,0.41439834237098694
2015-02-21 072605.jpg,0.439288854598999
2015-02-21 144953.jpg,0.3927415609359741
2015-02-21 171312.jpg,0.5048661231994629
2015-02-21 175210.jpg,0.3082869350910187
2015-02-21 183428.jpg,0.4135045111179352
2015-02-21 214912.jpg,0.42525678873062134
2015-02-22 041202.jpg,0.5116344690322876
2015-02-22 073441.jpg,0.3542340099811554
2015-02-22 082230.jpg,0.47486412525177
2015-02-22 084827.jpg,0.4000464081764221
2015-02-22 152559.jpg,0.523727536201477
2015-02-22 153821.jpg,0.40095144510269165
2015-02-22 160353.jpg,0.4852924346923828
2015-02-22 182419.jpg,0.3802003264427185
2015-02-22 185250.jpg,0.33786916732788086
2015-02-22 190645.jpg,0.6314799785614014
2015-02-22 224847.jpg,0.3955392837524414
2015-02-23 084629.jpg,0.371111661195755
2015-02-23 101053.jpg,0.4823475480079651
2015-02-23 114226.jpg,0.5250935554504395
2015-02-23 114500.jpg,0.4346899390220642
2015-02-23 140556.jpg,0.4561404585838318
2015-02-23 150444.jpg,0.36052727699279785
2015-02-23 233558.jpg,0.4715477526187897
2015-02-24 105724.jpg,0.6606645584106445
2015-02-24 111602.jpg,0.496917188167572
2015-02-24 173205.jpg,0.3978337049484253
2015-02-24 195603.jpg,0.5171231627464294
2015-02-24 203204.jpg,0.3713044226169586
2015-02-25 013817.jpg,0.649675726890564
2015-02-25 075521.jpg,0.4622427821159363
2015-02-25 075943.jpg,0.4161495268344879
2015-02-25 101623.jpg,0.3979831039905548
2015-02-25 102934.jpg,0.6023476123809814
2015-02-25 152043.jpg,0.5431336164474487
2015-02-26 023737.jpg,0.4633549749851227
2015-02-26 170429.jpg,0.32296523451805115
2015-02-26 180959.jpg,0.4480088949203491
2015-02-26 190847.jpg,0.5453136563301086
2015-02-27 034312.jpg,0.5191144943237305
2015-02-27 060550.jpg,0.33352038264274597
2015-02-28 072749.jpg,0.4232882261276245
2015-02-28 093857.jpg,0.41139283776283264
2015-02-28 161103.jpg,0.38161802291870117
2015-02-28 161356.jpg,0.4020155072212219
2015-02-28 201808.jpg,0.46883970499038696
2015-02-28 224146.jpg,0.3816809058189392
2015-03-01 022613.jpg,0.4578690528869629
2015-03-01 043850.jpg,0.38885053992271423
2015-03-01 052239.jpg,0.5143188238143921
2015-03-01 061532.jpg,0.43123751878738403
2015-03-01 072603.jpg,0.5437678098678589
2015-03-01 092026.jpg,0.48031923174858093
2015-03-01 111635.jpg,0.5043554306030273
2015-03-01 113932.jpg,0.4988587498664856
2015-03-01 125413.jpg,0.4113216996192932
2015-03-01 223942.jpg,0.3856903314590454
2015-03-02 001734.jpg,0.503253698348999
2015-03-02 043852.jpg,0.544226884841919
2015-03-02 190955.jpg,0.3731980621814728
2015-03-02 191047.jpg,0.40783652663230896
2015-03-02 215112.jpg,0.4151310920715332
2015-03-02 215509.jpg,0.4549142122268677
2015-03-02 215729.jpg,0.4073294997215271
2015-03-03 004714.jpg,0.40888503193855286
2015-03-03 014059.jpg,0.5293958783149719
2015-03-03 030355.jpg,0.46391749382019043
2015-03-03 052224.jpg,0.2731136679649353
2015-03-03 064737.jpg,0.44557756185531616
2015-03-03 080938.jpg,0.5564277768135071
2015-03-03 100620.jpg,0.3703792691230774
2015-03-03 104127.jpg,0.41657555103302
2015-03-03 164316.jpg,0.3727431893348694
2015-03-04 130159.jpg,0.5515767931938171
2015-03-04 205933.jpg,0.3362770080566406
2015-03-05 000908.jpg,0.4113469421863556
2015-03-05 140450.jpg,0.5025671720504761
2015-03-05 160640.jpg,0.38556182384490967
2015-03-05 184645.jpg,0.3668307065963745
2015-03-05 193303.jpg,0.40577584505081177
2015-03-05 214923.jpg,0.40990570187568665
2015-03-06 092350.jpg,0.40220972895622253
2015-03-06 101705.jpg,0.4371139407157898
2015-03-06 223120.jpg,0.5319218635559082
2015-03-07 084636.jpg,0.5575831532478333
2015-03-07 102556.jpg,0.37788182497024536
2015-03-07 122357.jpg,0.32726284861564636
2015-03-07 143857.jpg,0.3197499215602875
2015-03-07 182150.jpg,0.5992799997329712
2015-03-07 182415.jpg,0.500236988067627
2015-03-07 184930.jpg,0.41066449880599976
2015-03-07 231950.jpg,0.43412327766418457
2015-03-07 232834.jpg,0.4715057909488678
2015-03-08 010912.jpg,0.5222340226173401
2015-03-08 084208.jpg,0.4586898982524872
2015-03-08 093022.jpg,0.3955453038215637
2015-03-08 105457.jpg,0.6387842297554016
2015-03-08 113611.jpg,0.603961706161499
2015-03-08 131842.jpg,0.5036813616752625
2015-03-08 140313.jpg,0.3945174217224121
2015-03-08 143755.jpg,0.5883014798164368
2015-03-08 154550.jpg,0.43355193734169006
2015-03-08 230945.jpg,0.48640644550323486
2015-03-09 014737.jpg,0.524314284324646
2015-03-09 062731.jpg,0.46478331089019775
2015-03-09 080917.jpg,0.478022038936615
2015-03-09 092122.jpg,0.31227442622184753
2015-03-09 112047.jpg,0.45360034704208374
2015-03-09 114451.jpg,0.4875570237636566
2015-03-09 145414.jpg,0.5008671283721924
2015-03-09 152413.jpg,0.36804211139678955
2015-03-09 165319.jpg,0.6545072197914124
2015-03-10 042014.jpg,0.4206506013870239
2015-03-10 060201.jpg,0.4916057884693146
2015-03-10 073409.jpg,0.41007199883461
2015-03-10 102226.jpg,0.6295893788337708
2015-03-10 131826.jpg,0.4506586790084839
2015-03-10 164407.jpg,0.43510356545448303
2015-03-10 180233.jpg,0.4813108742237091
2015-03-10 185847.jpg,0.4554687738418579
2015-03-11 000133.jpg,0.37853413820266724
2015-03-11 041441.jpg,0.3986145853996277
2015-03-11 050218.jpg,0.41347256302833557
2015-03-11 053000.jpg,0.5578951239585876
2015-03-11 080152.jpg,0.46209728717803955
2015-03-11 120734.jpg,0.32783645391464233
2015-03-11 182841.jpg,0.5030656456947327
2015-03-12 021755.jpg,0.4963728189468384
2015-03-12 030037.jpg,0.452469140291214
2015-03-12 160946.jpg,0.2881186604499817
2015-03-12 211144.jpg,0.5360666513442993
2015-03-13 084130.jpg,0.44587600231170654
2015-03-13 090009.jpg,0.7300809025764465
2015-03-13 093331.jpg,0.38792431354522705
2015-03-13 100758.jpg,0.48989030718803406
2015-03-13 183449.jpg,0.503608226776123
2015-03-13 190605.jpg,0.533922553062439
2015-03-13 233402.jpg,0.5133088827133179
2015-03-14 003948.jpg,0.4086465835571289
2015-03-14 095219.jpg,0.45362716913223267
2015-03-14 152736.jpg,0.42037731409072876
2015-03-14 170833.jpg,0.45832496881484985
2015-03-15 101354.jpg,0.46225273609161377
2015-03-15 145746.jpg,0.47430992126464844
2015-03-15 220939.jpg,0.485994815826416
2015-03-15 231556.jpg,0.4605744481086731
2015-03-16 015246.jpg,0.2893953323364258
2015-03-16 032403.jpg,0.22287407517433167
2015-03-16 093439.jpg,0.40409421920776367
2015-03-16 110242.jpg,0.5211102962493896
2015-03-16 113057.jpg,0.4618637263774872
2015-03-16 131015.jpg,0.4344927966594696
2015-03-16 141004.jpg,0.46687760949134827
2015-03-16 174748.jpg,0.6785256862640381
2015-03-16 191830.jpg,0.5087627172470093
2015-03-16 202318.jpg,0.4754904806613922
2015-03-16 235608.jpg,0.5683065056800842
2015-03-17 003153.jpg,0.3281280994415283
2015-03-17 020338.jpg,0.39350831508636475
2015-03-17 074333.jpg,0.4688313603401184
2015-03-17 134840.jpg,0.41123223304748535
2015-03-17 190729.jpg,0.3049648404121399
2015-03-17 221718.jpg,0.6032251119613647
2015-03-18 002231.jpg,0.5109980702400208
2015-03-18 035348.jpg,0.4798847436904907
2015-03-18 064754.jpg,0.4203653037548065
2015-03-18 075916.jpg,0.4681388735771179
2015-03-18 082153.jpg,0.3655451834201813
2015-03-18 103706.jpg,0.41670265793800354
2015-03-18 130346.jpg,0.373829185962677
2015-03-18 162917.jpg,0.4019259810447693
2015-03-19 054316.jpg,0.45956993103027344
2015-03-19 075109.jpg,0.3682425618171692
2015-03-19 075550.jpg,0.6087088584899902
2015-03-19 141101.jpg,0.540702223777771
2015-03-19 233636.jpg,0.47890421748161316
2015-03-20 083916.jpg,0.4686032235622406
2015-03-20 111620.jpg,0.4188483953475952
2015-03-21 001846.jpg,0.372720867395401
2015-03-21 025830.jpg,0.569128692150116
2015-03-21 070157.jpg,0.524771511554718
2015-03-21 152134.jpg,0.5046900510787964
2015-03-21 152558.jpg,0.6343656182289124
2015-03-21 154902.jpg,0.41946902871131897
2015-03-22 042722.jpg,0.32463017106056213
2015-03-22 084910.jpg,0.3673917055130005
2015-03-22 123458.jpg,0.38170573115348816
2015-03-22 170854.jpg,0.4281438887119293
2015-03-22 225532.jpg,0.6613279581069946
2015-03-22 225543.jpg,0.6016942262649536
2015-03-22 234731.jpg,0.4773195683956146
2015-03-23 030754.jpg,0.30832868814468384
2015-03-23 085844.jpg,0.4508795738220215
2015-03-23 111853.jpg,0.47172629833221436
2015-03-23 120656.jpg,0.5282610058784485
2015-03-23 192852.jpg,0.4387187957763672
2015-03-23 204353.jpg,0.531731367111206
2015-03-24 011843.jpg,0.6242789626121521
2015-03-24 022820.jpg,0.5782663822174072
2015-03-24 023244.jpg,0.4040656089782715
2015-03-24 055813.jpg,0.5229412317276001
2015-03-24 075946.jpg,0.3754481077194214
2015-03-24 082000.jpg,0.31769487261772156
2015-03-24 111825.jpg,0.40579256415367126
2015-03-24 140021.jpg,0.4871048927307129
2015-03-24 213521.jpg,0.4408266842365265
2015-03-24 234421.jpg,0.37594926357269287
2015-03-24 235925.jpg,0.42658787965774536
2015-03-25 043233.jpg,0.5574168562889099
2015-03-25 144059.jpg,0.41489365696907043
2015-03-25 190929.jpg,0.4264717996120453
2015-03-25 193247.jpg,0.28883418440818787
2015-03-25 201651.jpg,0.42686399817466736
2015-03-25 204514.jpg,0.38201195001602173
2015-03-26 000630.jpg,0.5077926516532898
2015-03-26 025154.jpg,0.3991435766220093
2015-03-26 050721.jpg,0.5076692700386047
2015-03-26 052245.jpg,0.37699368596076965
2015-03-26 105039.jpg,0.4291740953922272
2015-03-26 110316.jpg,0.4000244140625
2015-03-26 173854.jpg,0.4231705069541931
2015-03-26 181214.jpg,0.4953935742378235
2015-03-26 194859.jpg,0.4501933753490448
2015-03-26 204527.jpg,0.3823882043361664
2015-03-26 220914.jpg,0.5936821699142456
2015-03-27 000814.jpg,0.4118540287017822
2015-03-27 010114.jpg,0.43866097927093506
2015-03-27 081039.jpg,0.43928495049476624
2015-03-27 084515.jpg,0.4963221549987793
2015-03-27 094523.jpg,0.6164305806159973
2015-03-27 110713.jpg,0.3755905330181122
2015-03-27 112206.jpg,0.31507208943367004
2015-03-27 172831.jpg,0.5478614568710327
2015-03-27 203430.jpg,0.45279407501220703
2015-03-28 074604.jpg,0.4545983076095581
2015-03-28 103826.jpg,0.45570290088653564
2015-03-28 110002.jpg,0.5092312693595886
2015-03-28 115117.jpg,0.4596744775772095
2015-03-28 122436.jpg,0.46580642461776733
2015-03-28 131019.jpg,0.42281168699264526
2015-03-28 171224.jpg,0.5687829852104187
2015-03-29 022352.jpg,0.4656826853752136
2015-03-29 163305.jpg,0.29547885060310364
2015-03-30 023448.jpg,0.5025584101676941
2015-03-30 030902.jpg,0.4326454699039459
2015-03-30 032740.jpg,0.4509485065937042
2015-03-30 191349.jpg,0.38824182748794556
2015-03-30 213404.jpg,0.5909277200698853
2015-03-31 050230.jpg,0.5268248915672302
2015-03-31 083940.jpg,0.5864318609237671
2015-03-31 121548.jpg,0.3210352957248688
2015-05-01 015639.jpg,0.5308694839477539
2015-05-01 092400.jpg,0.4281199276447296
2015-05-01 115001.jpg,0.44465136528015137
2015-05-01 221511.jpg,0.5115218758583069
2015-05-01 222812.jpg,0.4294309616088867
2015-05-01 225258.jpg,0.43195122480392456
2015-05-02 032929.jpg,0.2920948565006256
2015-05-02 045652.jpg,0.42458072304725647
2015-05-02 172736.jpg,0.6834567189216614
2015-05-02 180151.jpg,0.40736398100852966
2015-05-02 203700.jpg,0.34424182772636414
2015-05-03 053029.jpg,0.57637619972229
2015-05-03 095549.jpg,0.35543739795684814
2015-05-03 141813.jpg,0.40852364897727966
2015-05-03 170925.jpg,0.39311718940734863
2015-05-03 183331.jpg,0.3524315357208252
2015-05-03 220640.jpg,0.44600823521614075
2015-05-04 023855.jpg,0.41672182083129883
2015-05-04 083047.jpg,0.48980310559272766
2015-05-04 101149.jpg,0.4878878891468048
2015-05-04 110441.jpg,0.38209202885627747
2015-05-04 111122.jpg,0.46156778931617737
2015-05-04 174606.jpg,0.4411543309688568
2015-05-04 190210.jpg,0.401142418384552
2015-05-05 001438.jpg,0.37835854291915894
2015-05-05 023736.jpg,0.4221809208393097
2015-05-05 094020.jpg,0.500108003616333
2015-05-05 112344.jpg,0.4377760887145996
2015-05-05 141803.jpg,0.4238680899143219
2015-05-05 191112.jpg,0.4068312346935272
2015-05-05 210721.jpg,0.5204375982284546
2015-05-05 211620.jpg,0.48102477192878723
2015-05-06 021345.jpg,0.502417266368866
2015-05-06 061231.jpg,0.41246122121810913
2015-05-06 161033.jpg,0.49640870094299316
2015-05-06 161119.jpg,0.4308165907859802
2015-05-06 170302.jpg,0.39265432953834534
2015-05-06 172928.jpg,0.40176519751548767
2015-05-06 185944.jpg,0.4344690442085266
2015-05-07 004421.jpg,0.34396785497665405
2015-05-07 021601.jpg,0.370127409696579
2015-05-07 045019.jpg,0.37765613198280334
2015-05-07 082647.jpg,0.5834731459617615
2015-05-07 113221.jpg,0.39937445521354675
2015-05-07 141142.jpg,0.5044801831245422
2015-05-07 170843.jpg,0.6348174214363098
2015-05-07 201934.jpg,0.3690056800842285
2015-05-08 030544.jpg,0.43150565028190613
2015-05-08 034547.jpg,0.4223107099533081
2015-05-08 042432.jpg,0.4744768738746643
2015-05-08 081006.jpg,0.5448774099349976
2015-05-08 084352.jpg,0.466163694858551
2015-05-08 094939.jpg,0.3909193277359009
2015-05-08 100421.jpg,0.5448729395866394
2015-05-08 205035.jpg,0.5370473861694336
2015-05-08 235100.jpg,0.44888123869895935
2015-05-08 235408.jpg,0.3817955553531647
2015-05-09 001418.jpg,0.443086713552475
2015-05-09 045242.jpg,0.2404763400554657
2015-05-09 050259.jpg,0.44780445098876953
2015-05-09 064515.jpg,0.5648407936096191
2015-05-09 104329.jpg,0.33130592107772827
2015-05-09 185943.jpg,0.5722348093986511
2015-05-09 190830.jpg,0.44606202840805054
2015-05-09 195154.jpg,0.48177623748779297
2015-05-10 064043.jpg,0.46355217695236206
2015-05-10 080403.jpg,0.5782495737075806
2015-05-10 131815.jpg,0.43734675645828247
2015-05-10 134758.jpg,0.48970282077789307
2015-05-10 144600.jpg,0.4901074767112732
2015-05-10 171432.jpg,0.5274336338043213
2015-05-10 171433.jpg,0.5411722660064697
2015-05-10 192907.jpg,0.40935489535331726
2015-05-10 202032.jpg,0.4187614917755127
2015-05-11 053454.jpg,0.5348852276802063
2015-05-11 082934.jpg,0.44869184494018555
2015-05-11 105242.jpg,0.5212398171424866
2015-05-12 053012.jpg,0.38218754529953003
2015-05-12 071000.jpg,0.5905112028121948
2015-05-12 152522.jpg,0.4892174303531647
2015-05-12 160228.jpg,0.4238143861293793
2015-05-12 194509.jpg,0.34367287158966064
2015-05-13 022730.jpg,0.3943537175655365
2015-05-13 124507.jpg,0.4696074426174164
2015-05-13 140934.jpg,0.5175937414169312
2015-05-13 170245.jpg,0.48414188623428345
2015-05-13 195027.jpg,0.4274924397468567
2015-05-13 233908.jpg,0.50538170337677
2015-05-14 032043.jpg,0.48682963848114014
2015-05-14 064431.jpg,0.4730335772037506
2015-05-14 081640.jpg,0.4943615794181824
2015-05-14 081706.jpg,0.46146294474601746
2015-05-14 121855.jpg,0.5483102202415466
2015-05-14 131532.jpg,0.4649025499820709
2015-05-14 163259.jpg,0.5571519136428833
2015-05-14 180022.jpg,0.3654000461101532
2015-05-14 212136.jpg,0.48808443546295166
2015-05-14 214429.jpg,0.42899996042251587
2015-05-15 024841.jpg,0.5692829489707947
2015-05-15 063341.jpg,0.3952217698097229
2015-05-15 092000.jpg,0.39214181900024414
2015-05-15 124029.jpg,0.48461470007896423
2015-05-15 125332.jpg,0.48151686787605286
2015-05-15 145657.jpg,0.30724117159843445
2015-05-15 160008.jpg,0.44129031896591187
2015-05-15 164625.jpg,0.26640990376472473
2015-05-15 170710.jpg,0.33674079179763794
2015-05-15 172630.jpg,0.3007597327232361
2015-05-15 233613.jpg,0.3619611859321594
2015-05-16 003746.jpg,0.3992388844490051
2015-05-16 042125.jpg,0.42853835225105286
2015-05-16 043450.jpg,0.4307854175567627
2015-05-16 055316.jpg,0.4201786518096924
2015-05-16 061948.jpg,0.46853411197662354
2015-05-16 123327.jpg,0.35312318801879883
2015-05-16 154152.jpg,0.45781850814819336
2015-05-16 220656.jpg,0.44530802965164185
2015-05-16 224350.jpg,0.34677189588546753
2015-05-16 230456.jpg,0.4624095559120178
2015-05-17 072738.jpg,0.46417248249053955
2015-05-17 085046.jpg,0.4118136763572693
2015-05-17 090949.jpg,0.3539377450942993
2015-05-17 091831.jpg,0.47773921489715576
2015-05-17 103232.jpg,0.4392111897468567
2015-05-17 120132.jpg,0.4693339467048645
2015-05-17 151908.jpg,0.4128230810165405
2015-05-17 201105.jpg,0.5296533703804016
2015-05-17 204702.jpg,0.48158538341522217
2015-05-17 205742.jpg,0.4438284933567047
2015-05-18 015222.jpg,0.3640625774860382
2015-05-18 062648.jpg,0.37832504510879517
2015-05-18 135502.jpg,0.3468402326107025
2015-05-18 135916.jpg,0.42792633175849915
2015-05-18 171229.jpg,0.43477827310562134
2015-05-18 172748.jpg,0.42071568965911865
2015-05-18 174644.jpg,0.5734925270080566
2015-05-18 185243.jpg,0.6245682239532471
2015-05-18 192016.jpg,0.3056776523590088
2015-05-18 192858.jpg,0.34677189588546753
2015-05-18 205358.jpg,0.5004018545150757
2015-05-18 232248.jpg,0.3789307773113251
2015-05-19 004142.jpg,0.5954863429069519
2015-05-19 011155.jpg,0.42016637325286865
2015-05-19 012430.jpg,0.4241025447845459
2015-05-19 043659.jpg,0.3645039498806
2015-05-19 194344.jpg,0.3714722692966461
2015-05-19 222150.jpg,0.4583997130393982
2015-05-19 225517.jpg,0.333954393863678
2015-05-20 012546.jpg,0.5564649105072021
2015-05-20 021912.jpg,0.4021698236465454
2015-05-20 044353.jpg,0.4604240655899048
2015-05-20 070827.jpg,0.4832916259765625
2015-05-20 082648.jpg,0.5346721410751343
2015-05-20 113539.jpg,0.46426844596862793
2015-05-20 123535.jpg,0.5056023001670837
2015-05-20 135713.jpg,0.4666077494621277
2015-05-21 022217.jpg,0.42524951696395874
2015-05-21 051109.jpg,0.46651163697242737
2015-05-21 063435.jpg,0.45461928844451904
2015-05-21 171114.jpg,0.4897424876689911
2015-05-21 174848.jpg,0.37249496579170227
2015-05-21 194148.jpg,0.38835740089416504
2015-05-21 194719.jpg,0.5384858846664429
2015-05-21 201646.jpg,0.2697458863258362
2015-05-21 205341.jpg,0.4233521819114685
2015-05-21 220246.jpg,0.48611578345298767
2015-05-22 000225.jpg,0.5317721366882324
2015-05-22 005048.jpg,0.18456345796585083
2015-05-22 094003.jpg,0.44167348742485046
2015-05-22 132732.jpg,0.41567090153694153
2015-05-22 132905.jpg,0.42713892459869385
2015-05-22 155338.jpg,0.6342067718505859
2015-05-22 170923.jpg,0.4567318856716156
2015-05-22 233714.jpg,0.5780655741691589
2015-05-23 010200.jpg,0.3853541314601898
2015-05-23 042105.jpg,0.35484856367111206
2015-05-23 054033.jpg,0.4137364625930786
2015-05-23 065112.jpg,0.4135115146636963
2015-05-23 093808.jpg,0.4702616035938263
2015-05-23 125125.jpg,0.46539267897605896
2015-05-24 010002.jpg,0.36178719997406006
2015-05-24 023147.jpg,0.3926420211791992
2015-05-24 024347.jpg,0.407474547624588
2015-05-24 053335.jpg,0.4821964502334595
2015-05-24 103149.jpg,0.40602225065231323
2015-05-24 122702.jpg,0.5473127961158752
2015-05-24 140646.jpg,0.3925756812095642
2015-05-24 195228.jpg,0.2759348452091217
2015-05-24 203508.jpg,0.37595123052597046
2015-05-24 233726.jpg,0.3599424660205841
2015-05-24 235327.jpg,0.43709510564804077
2015-05-25 005056.jpg,0.570456862449646
2015-05-25 042844.jpg,0.327668160200119
2015-05-25 130650.jpg,0.49542632699012756
2015-05-25 142722.jpg,0.43079352378845215
2015-05-25 144352.jpg,0.45956873893737793
2015-05-25 171031.jpg,0.6222527027130127
2015-05-25 201129.jpg,0.5523330569267273
2015-05-25 201928.jpg,0.4671611785888672
2015-05-25 214459.jpg,0.5283138751983643
2015-05-26 025535.jpg,0.5893517136573792
2015-05-26 090938.jpg,0.47927701473236084
2015-05-26 105209.jpg,0.4281567335128784
2015-05-26 113338.jpg,0.4583921432495117
2015-05-26 145707.jpg,0.5696307420730591
2015-05-26 204055.jpg,0.4176529347896576
2015-05-27 060755.jpg,0.528690755367279
2015-05-27 092944.jpg,0.34561651945114136
2015-05-27 093000.jpg,0.4403567910194397
2015-05-27 104308.jpg,0.43829280138015747
2015-05-27 110236.jpg,0.2653810381889343
2015-05-27 113644.jpg,0.45447051525115967
2015-05-27 182603.jpg,0.41464129090309143
2015-05-28 023804.jpg,0.39581990242004395
2015-05-28 051149.jpg,0.4964897930622101
2015-05-28 060330.jpg,0.42100629210472107
2015-05-28 092002.jpg,0.5128453373908997
2015-05-28 102306.jpg,0.4316318929195404
2015-05-28 140954.jpg,0.45026034116744995
2015-05-28 151914.jpg,0.4543542265892029
2015-05-28 180600.jpg,0.47793084383010864
2015-05-28 201855.jpg,0.5561043620109558
2015-05-28 202338.jpg,0.49556776881217957
2015-05-28 211844.jpg,0.47362497448921204
2015-05-28 220358.jpg,0.5620712041854858
2015-05-29 001512.jpg,0.4457217752933502
2015-05-29 001513.jpg,0.41301941871643066
2015-05-29 041738.jpg,0.3303484320640564
2015-05-29 042922.jpg,0.49927112460136414
2015-05-29 073630.jpg,0.4456055462360382
2015-05-29 075314.jpg,0.4404597580432892
2015-05-29 091639.jpg,0.4545813202857971
2015-05-29 094504.jpg,0.5100759267807007
2015-05-29 105436.jpg,0.37062540650367737
2015-05-29 175948.jpg,0.5920138955116272
2015-05-30 004838.jpg,0.47117727994918823
2015-05-30 014724.jpg,0.3994305729866028
2015-05-30 034035.jpg,0.533849835395813
2015-05-30 093151.jpg,0.5047295689582825
2015-05-30 120006.jpg,0.5326036214828491
2015-05-30 170639.jpg,0.5141275525093079
2015-05-30 201734.jpg,0.25355324149131775
2015-05-30 232729.jpg,0.35401415824890137
2015-05-31 061607.jpg,0.39673998951911926
2015-05-31 111007.jpg,0.39587196707725525
2015-05-31 121348.jpg,0.46157485246658325
2015-05-31 153940.jpg,0.41411688923835754
2015-05-31 165532.jpg,0.455699622631073
2015-05-31 171534.jpg,0.34653520584106445
2015-05-31 190046.jpg,0.46787789463996887
2015-05-31 194909.jpg,0.4936419427394867
2015-06-01 013224.jpg,0.4795175790786743
2015-06-01 045515.jpg,0.45963770151138306
2015-06-01 074549.jpg,0.5665293335914612
2015-06-01 084304.jpg,0.36753636598587036
2015-06-01 090953.jpg,0.4929090738296509
2015-06-01 124036.jpg,0.5807552337646484
2015-06-01 134535.jpg,0.3632514476776123
2015-06-01 145421.jpg,0.46175920963287354
2015-06-01 174044.jpg,0.3304579555988312
2015-06-02 032702.jpg,0.44505059719085693
2015-06-02 054127.jpg,0.5093356370925903
2015-06-02 091940.jpg,0.46125420928001404
2015-06-02 125925.jpg,0.3064533770084381
2015-06-02 131618.jpg,0.647488534450531
2015-06-02 132338.jpg,0.4351583421230316
2015-06-02 180659.jpg,0.36327409744262695
2015-06-02 190943.jpg,0.5081256628036499
2015-06-02 191045.jpg,0.5973515510559082
2015-06-02 205034.jpg,0.44686275720596313
2015-06-02 214550.jpg,0.47674494981765747
2015-06-02 225227.jpg,0.5656312108039856
2015-06-03 061133.jpg,0.5091081261634827
2015-06-03 074737.jpg,0.5973716378211975
2015-06-03 090753.jpg,0.3227655291557312
2015-06-03 092824.jpg,0.43046993017196655
2015-06-03 101742.jpg,0.5942122936248779
2015-06-03 115228.jpg,0.39224836230278015
2015-06-03 125757.jpg,0.4054794907569885
2015-06-03 133702.jpg,0.4916532635688782
2015-06-03 153659.jpg,0.2662270665168762
2015-06-03 185709.jpg,0.5697240829467773
2015-06-03 203106.jpg,0.48597395420074463
2015-06-04 073442.jpg,0.4632699191570282
2015-06-04 092127.jpg,0.4728100299835205
2015-06-04 132415.jpg,0.44521772861480713
2015-06-04 141033.jpg,0.3868606388568878
2015-06-04 142004.jpg,0.47496598958969116
2015-06-04 183221.jpg,0.4841296076774597
2015-06-04 194820.jpg,0.453597754240036
2015-06-04 202415.jpg,0.43491578102111816
2015-06-04 210137.jpg,0.5200518369674683
2015-06-04 211104.jpg,0.38716381788253784
2015-06-04 225019.jpg,0.5417630076408386
2015-06-05 021318.jpg,0.4786989390850067
2015-06-05 030650.jpg,0.5666705369949341
2015-06-05 034209.jpg,0.4761795699596405
2015-06-05 085254.jpg,0.47301462292671204
2015-06-05 095638.jpg,0.46344441175460815
2015-06-05 100011.jpg,0.3354656994342804
2015-06-05 184416.jpg,0.42496439814567566
2015-06-05 184652.jpg,0.4374912977218628
2015-06-05 204040.jpg,0.5234679579734802
2015-06-05 222731.jpg,0.49546414613723755
2015-06-05 223451.jpg,0.5518655180931091
2015-06-05 223650.jpg,0.3885992765426636
2015-06-05 225354.jpg,0.49507564306259155
2015-06-06 002046.jpg,0.43241891264915466
2015-06-06 024827.jpg,0.5309311747550964
2015-06-06 055410.jpg,0.5596465468406677
2015-06-06 104035.jpg,0.5026868581771851
2015-06-07 013026.jpg,0.3457091748714447
2015-06-07 020842.jpg,0.3487411141395569
2015-06-07 045657.jpg,0.5762783885002136
2015-06-07 082133.jpg,0.548907458782196
2015-06-07 093821.jpg,0.344708651304245
2015-06-07 175521.jpg,0.5496793389320374
2015-06-08 002748.jpg,0.5407350659370422
2015-06-08 044408.jpg,0.4433918595314026
2015-06-08 045513.jpg,0.5951559543609619
2015-06-08 150259.jpg,0.5184959173202515
2015-06-08 170322.jpg,0.46496981382369995
2015-06-08 170538.jpg,0.48142921924591064
2015-06-09 051309.jpg,0.4292222261428833
2015-06-09 082639.jpg,0.5370569825172424
2015-06-09 103041.jpg,0.4136832356452942
2015-06-09 114650.jpg,0.5499281883239746
2015-06-09 133120.jpg,0.4924810528755188
2015-06-09 134427.jpg,0.39006710052490234
2015-06-09 182509.jpg,0.41102948784828186
2015-06-09 185952.jpg,0.4709961414337158
2015-06-10 002135.jpg,0.36497196555137634
2015-06-10 032646.jpg,0.46573132276535034
2015-06-10 044150.jpg,0.5032763481140137
2015-06-10 044546.jpg,0.5038776397705078
2015-06-10 060342.jpg,0.46782374382019043
2015-06-10 072015.jpg,0.369771271944046
2015-06-10 081330.jpg,0.4774090647697449
2015-06-10 092144.jpg,0.43892285227775574
2015-06-10 140929.jpg,0.5140542387962341
2015-06-10 153608.jpg,0.5215167999267578
2015-06-10 181132.jpg,0.4628996253013611
2015-06-10 184108.jpg,0.5132619142532349
2015-06-10 184305.jpg,0.6135444641113281
2015-06-10 232218.jpg,0.6198512315750122
2015-06-11 034531.jpg,0.4070230722427368
2015-06-11 090209.jpg,0.4811781346797943
2015-06-11 100354.jpg,0.5153183937072754
2015-06-11 105044.jpg,0.45193955302238464
2015-06-11 123358.jpg,0.4747527241706848
2015-06-11 142125.jpg,0.44047078490257263
2015-06-11 192157.jpg,0.47684675455093384
2015-06-11 205808.jpg,0.5125184655189514
2015-06-11 234237.jpg,0.5318750739097595
2015-06-12 013734.jpg,0.42750099301338196
2015-06-12 043804.jpg,0.4767364263534546
2015-06-12 093205.jpg,0.46086329221725464
2015-06-13 014259.jpg,0.5474228262901306
2015-06-13 022233.jpg,0.41492027044296265
2015-06-13 033552.jpg,0.4246937036514282
2015-06-13 035621.jpg,0.4404340982437134
2015-06-13 054616.jpg,0.47415316104888916
2015-06-13 100817.jpg,0.4795522391796112
2015-06-13 110124.jpg,0.5368605852127075
2015-06-13 130711.jpg,0.3836311995983124
2015-06-13 160429.jpg,0.4593244791030884
2015-06-13 212154.jpg,0.4548606872558594
2015-06-13 214643.jpg,0.604091227054596
2015-06-14 040446.jpg,0.4221094250679016
2015-06-14 074522.jpg,0.5251312255859375
2015-06-14 082241.jpg,0.3658132553100586
2015-06-14 085645.jpg,0.4585633873939514
2015-06-14 085856.jpg,0.45264866948127747
2015-06-14 202303.jpg,0.5412307381629944
2015-06-14 214104.jpg,0.5126245021820068
2015-06-14 222407.jpg,0.4072675108909607
2015-06-14 222812.jpg,0.42456331849098206
2015-06-14 224919.jpg,0.5679075717926025
2015-06-14 231817.jpg,0.4964819848537445
2015-06-15 022030.jpg,0.5343935489654541
2015-06-15 022457.jpg,0.46046382188796997
2015-06-15 032824.jpg,0.3961170017719269
2015-06-15 110839.jpg,0.6824048757553101
2015-06-16 143504.jpg,0.3919829726219177
2015-06-16 152924.jpg,0.43341153860092163
2015-06-16 180531.jpg,0.4484749138355255
2015-06-16 201517.jpg,0.4643591046333313
2015-06-17 044518.jpg,0.43680113554000854
2015-06-17 072716.jpg,0.33747217059135437
2015-06-17 075709.jpg,0.6922770142555237
2015-06-17 083639.jpg,0.5828601121902466
2015-06-17 150341.jpg,0.4270167648792267
2015-06-17 230440.jpg,0.4030283987522125
2015-06-18 053133.jpg,0.42407119274139404
2015-06-18 131933.jpg,0.4681681990623474
2015-06-18 211943.jpg,0.4968605637550354
2015-06-18 212551.jpg,0.507862389087677
2015-06-18 212916.jpg,0.5071632862091064
2015-06-18 221743.jpg,0.4139188528060913
2015-06-19 022856.jpg,0.5200081467628479
2015-06-19 023853.jpg,0.35095837712287903
2015-06-19 042033.jpg,0.6477383375167847
2015-06-19 155820.jpg,0.46673130989074707
2015-06-19 200434.jpg,0.27349036931991577
2015-06-19 203349.jpg,0.46354424953460693
2015-06-20 010543.jpg,0.647040605545044
2015-06-20 030241.jpg,0.6131759285926819
2015-06-20 072548.jpg,0.24348445236682892
2015-06-20 172446.jpg,0.4776972830295563
2015-06-20 192733.jpg,0.3913635015487671
2015-06-21 005753.jpg,0.4434307813644409
2015-06-21 013231.jpg,0.5243126153945923
2015-06-21 015318.jpg,0.46861574053764343
2015-06-21 030007.jpg,0.5198150873184204
2015-06-21 070634.jpg,0.5739181637763977
2015-06-21 071022.jpg,0.525014340877533
2015-06-21 092320.jpg,0.512136697769165
2015-06-21 131125.jpg,0.4655073285102844
2015-06-21 143637.jpg,0.38455793261528015
2015-06-21 164424.jpg,0.594964325428009
2015-06-21 170612.jpg,0.4901079833507538
2015-06-21 185050.jpg,0.6273488998413086
2015-06-21 201542.jpg,0.4714125990867615
2015-06-21 225004.jpg,0.41713011264801025
2015-06-22 003703.jpg,0.4893324673175812
2015-06-22 083233.jpg,0.4614081382751465
2015-06-22 084042.jpg,0.501207172870636
2015-06-22 101303.jpg,0.5521940588951111
2015-06-22 104656.jpg,0.48811623454093933
2015-06-22 122813.jpg,0.6481101512908936
2015-06-23 063012.jpg,0.5666122436523438
2015-06-23 063101.jpg,0.5276389718055725
2015-06-23 103846.jpg,0.4065282940864563
2015-06-24 060532.jpg,0.6176730394363403
2015-06-24 082540.jpg,0.5902727246284485
2015-06-24 120853.jpg,0.49214357137680054
2015-06-24 124009.jpg,0.5574752688407898
2015-06-24 124043.jpg,0.428578644990921
2015-06-24 132710.jpg,0.3992842137813568
2015-06-24 195144.jpg,0.33766573667526245
2015-06-24 215225.jpg,0.6279390454292297
2015-06-24 215241.jpg,0.5734620094299316
2015-06-25 035254.jpg,0.443584680557251
2015-06-25 061449.jpg,0.440477579832077
2015-06-25 162634.jpg,0.3156452476978302
2015-06-25 174042.jpg,0.5517997741699219
2015-06-25 221927.jpg,0.4604407548904419
2015-06-26 030039.jpg,0.37899160385131836
2015-06-26 035324.jpg,0.3744179606437683
2015-06-26 200934.jpg,0.43399834632873535
2015-06-26 220913.jpg,0.462893009185791
